0 verbose cli /opt/homebrew/Cellar/node/24.6.0/bin/node /opt/homebrew/bin/npm
1 info using npm@11.5.1
2 info using node@v24.6.0
3 silly config load:file:/opt/homebrew/lib/node_modules/npm/npmrc
4 silly config load:file:/Users/minhmarcom/Downloads/natusclean-main/.npmrc
5 silly config load:file:/Users/minhmarcom/.npmrc
6 silly config load:file:/opt/homebrew/etc/npmrc
7 verbose title npm install
8 verbose argv "install" "--cache" "./.npm-cache"
9 verbose logfile logs-max:10 dir:/Users/minhmarcom/Downloads/natusclean-main/.npm-cache/_logs/2026-05-15T01_15_43_682Z-
10 verbose logfile /Users/minhmarcom/Downloads/natusclean-main/.npm-cache/_logs/2026-05-15T01_15_43_682Z-debug-0.log
11 silly logfile done cleaning log files
12 http fetch GET https://registry.npmjs.org/npm attempt 1 failed with ENOTFOUND
13 silly packumentCache heap:4496293888 maxSize:1124073472 maxEntrySize:562036736
14 silly idealTree buildDeps
15 silly reify moves {}
16 verbose reify failed optional dependency /Users/minhmarcom/Downloads/natusclean-main/node_modules/@tailwindcss/oxide-wasm32-wasi
17 silly reify mark deleted [
17 silly reify   '/Users/minhmarcom/Downloads/natusclean-main/node_modules/@tailwindcss/oxide-wasm32-wasi'
17 silly reify ]
18 silly audit bulk request {
18 silly audit   '@babel/code-frame': [ '7.29.0' ],
18 silly audit   '@babel/compat-data': [ '7.29.0' ],
18 silly audit   '@babel/core': [ '7.29.0' ],
18 silly audit   '@babel/generator': [ '7.29.1' ],
18 silly audit   '@babel/helper-compilation-targets': [ '7.28.6' ],
18 silly audit   '@babel/helper-globals': [ '7.28.0' ],
18 silly audit   '@babel/helper-module-imports': [ '7.28.6' ],
18 silly audit   '@babel/helper-module-transforms': [ '7.28.6' ],
18 silly audit   '@babel/helper-plugin-utils': [ '7.28.6' ],
18 silly audit   '@babel/helper-string-parser': [ '7.27.1' ],
18 silly audit   '@babel/helper-validator-identifier': [ '7.28.5' ],
18 silly audit   '@babel/helper-validator-option': [ '7.27.1' ],
18 silly audit   '@babel/helpers': [ '7.29.2' ],
18 silly audit   '@babel/parser': [ '7.29.2' ],
18 silly audit   '@babel/plugin-transform-react-jsx-self': [ '7.27.1' ],
18 silly audit   '@babel/plugin-transform-react-jsx-source': [ '7.27.1' ],
18 silly audit   '@babel/template': [ '7.28.6' ],
18 silly audit   '@babel/traverse': [ '7.29.0' ],
18 silly audit   '@babel/types': [ '7.29.0' ],
18 silly audit   '@esbuild/aix-ppc64': [ '0.27.7', '0.25.12' ],
18 silly audit   '@esbuild/android-arm': [ '0.27.7', '0.25.12' ],
18 silly audit   '@esbuild/android-arm64': [ '0.27.7', '0.25.12' ],
18 silly audit   '@esbuild/android-x64': [ '0.27.7', '0.25.12' ],
18 silly audit   '@esbuild/darwin-arm64': [ '0.27.7', '0.25.12' ],
18 silly audit   '@esbuild/darwin-x64': [ '0.27.7', '0.25.12' ],
18 silly audit   '@esbuild/freebsd-arm64': [ '0.27.7', '0.25.12' ],
18 silly audit   '@esbuild/freebsd-x64': [ '0.27.7', '0.25.12' ],
18 silly audit   '@esbuild/linux-arm': [ '0.27.7', '0.25.12' ],
18 silly audit   '@esbuild/linux-arm64': [ '0.27.7', '0.25.12' ],
18 silly audit   '@esbuild/linux-ia32': [ '0.27.7', '0.25.12' ],
18 silly audit   '@esbuild/linux-loong64': [ '0.27.7', '0.25.12' ],
18 silly audit   '@esbuild/linux-mips64el': [ '0.27.7', '0.25.12' ],
18 silly audit   '@esbuild/linux-ppc64': [ '0.27.7', '0.25.12' ],
18 silly audit   '@esbuild/linux-riscv64': [ '0.27.7', '0.25.12' ],
18 silly audit   '@esbuild/linux-s390x': [ '0.27.7', '0.25.12' ],
18 silly audit   '@esbuild/linux-x64': [ '0.27.7', '0.25.12' ],
18 silly audit   '@esbuild/netbsd-arm64': [ '0.27.7', '0.25.12' ],
18 silly audit   '@esbuild/netbsd-x64': [ '0.27.7', '0.25.12' ],
18 silly audit   '@esbuild/openbsd-arm64': [ '0.27.7', '0.25.12' ],
18 silly audit   '@esbuild/openbsd-x64': [ '0.27.7', '0.25.12' ],
18 silly audit   '@esbuild/openharmony-arm64': [ '0.27.7', '0.25.12' ],
18 silly audit   '@esbuild/sunos-x64': [ '0.27.7', '0.25.12' ],
18 silly audit   '@esbuild/win32-arm64': [ '0.27.7', '0.25.12' ],
18 silly audit   '@esbuild/win32-ia32': [ '0.27.7', '0.25.12' ],
18 silly audit   '@esbuild/win32-x64': [ '0.27.7', '0.25.12' ],
18 silly audit   '@google/genai': [ '1.50.1' ],
18 silly audit   '@jridgewell/gen-mapping': [ '0.3.13' ],
18 silly audit   '@jridgewell/remapping': [ '2.3.5' ],
18 silly audit   '@jridgewell/resolve-uri': [ '3.1.2' ],
18 silly audit   '@jridgewell/sourcemap-codec': [ '1.5.5' ],
18 silly audit   '@jridgewell/trace-mapping': [ '0.3.31' ],
18 silly audit   '@protobufjs/aspromise': [ '1.1.2' ],
18 silly audit   '@protobufjs/base64': [ '1.1.2' ],
18 silly audit   '@protobufjs/codegen': [ '2.0.4' ],
18 silly audit   '@protobufjs/eventemitter': [ '1.1.0' ],
18 silly audit   '@protobufjs/fetch': [ '1.1.0' ],
18 silly audit   '@protobufjs/float': [ '1.0.2' ],
18 silly audit   '@protobufjs/inquire': [ '1.1.0' ],
18 silly audit   '@protobufjs/path': [ '1.1.2' ],
18 silly audit   '@protobufjs/pool': [ '1.1.0' ],
18 silly audit   '@protobufjs/utf8': [ '1.1.0' ],
18 silly audit   '@rolldown/pluginutils': [ '1.0.0-rc.3' ],
18 silly audit   '@rollup/rollup-android-arm-eabi': [ '4.60.2' ],
18 silly audit   '@rollup/rollup-android-arm64': [ '4.60.2' ],
18 silly audit   '@rollup/rollup-darwin-arm64': [ '4.60.2' ],
18 silly audit   '@rollup/rollup-darwin-x64': [ '4.60.2' ],
18 silly audit   '@rollup/rollup-freebsd-arm64': [ '4.60.2' ],
18 silly audit   '@rollup/rollup-freebsd-x64': [ '4.60.2' ],
18 silly audit   '@rollup/rollup-linux-arm-gnueabihf': [ '4.60.2' ],
18 silly audit   '@rollup/rollup-linux-arm-musleabihf': [ '4.60.2' ],
18 silly audit   '@rollup/rollup-linux-arm64-gnu': [ '4.60.2' ],
18 silly audit   '@rollup/rollup-linux-arm64-musl': [ '4.60.2' ],
18 silly audit   '@rollup/rollup-linux-loong64-gnu': [ '4.60.2' ],
18 silly audit   '@rollup/rollup-linux-loong64-musl': [ '4.60.2' ],
18 silly audit   '@rollup/rollup-linux-ppc64-gnu': [ '4.60.2' ],
18 silly audit   '@rollup/rollup-linux-ppc64-musl': [ '4.60.2' ],
18 silly audit   '@rollup/rollup-linux-riscv64-gnu': [ '4.60.2' ],
18 silly audit   '@rollup/rollup-linux-riscv64-musl': [ '4.60.2' ],
18 silly audit   '@rollup/rollup-linux-s390x-gnu': [ '4.60.2' ],
18 silly audit   '@rollup/rollup-linux-x64-gnu': [ '4.60.2' ],
18 silly audit   '@rollup/rollup-linux-x64-musl': [ '4.60.2' ],
18 silly audit   '@rollup/rollup-openbsd-x64': [ '4.60.2' ],
18 silly audit   '@rollup/rollup-openharmony-arm64': [ '4.60.2' ],
18 silly audit   '@rollup/rollup-win32-arm64-msvc': [ '4.60.2' ],
18 silly audit   '@rollup/rollup-win32-ia32-msvc': [ '4.60.2' ],
18 silly audit   '@rollup/rollup-win32-x64-gnu': [ '4.60.2' ],
18 silly audit   '@rollup/rollup-win32-x64-msvc': [ '4.60.2' ],
18 silly audit   '@tailwindcss/node': [ '4.2.3' ],
18 silly audit   '@tailwindcss/oxide': [ '4.2.3' ],
18 silly audit   '@tailwindcss/oxide-android-arm64': [ '4.2.3' ],
18 silly audit   '@tailwindcss/oxide-darwin-arm64': [ '4.2.3' ],
18 silly audit   '@tailwindcss/oxide-darwin-x64': [ '4.2.3' ],
18 silly audit   '@tailwindcss/oxide-freebsd-x64': [ '4.2.3' ],
18 silly audit   '@tailwindcss/oxide-linux-arm-gnueabihf': [ '4.2.3' ],
18 silly audit   '@tailwindcss/oxide-linux-arm64-gnu': [ '4.2.3' ],
18 silly audit   '@tailwindcss/oxide-linux-arm64-musl': [ '4.2.3' ],
18 silly audit   '@tailwindcss/oxide-linux-x64-gnu': [ '4.2.3' ],
18 silly audit   '@tailwindcss/oxide-linux-x64-musl': [ '4.2.3' ],
18 silly audit   '@tailwindcss/oxide-win32-arm64-msvc': [ '4.2.3' ],
18 silly audit   '@tailwindcss/oxide-win32-x64-msvc': [ '4.2.3' ],
18 silly audit   '@tailwindcss/vite': [ '4.2.3' ],
18 silly audit   '@types/babel__core': [ '7.20.5' ],
18 silly audit   '@types/babel__generator': [ '7.27.0' ],
18 silly audit   '@types/babel__template': [ '7.4.4' ],
18 silly audit   '@types/babel__traverse': [ '7.28.0' ],
18 silly audit   '@types/body-parser': [ '1.19.6' ],
18 silly audit   '@types/connect': [ '3.4.38' ],
18 silly audit   '@types/estree': [ '1.0.8' ],
18 silly audit   '@types/express': [ '4.17.25' ],
18 silly audit   '@types/express-serve-static-core': [ '4.19.8' ],
18 silly audit   '@types/http-errors': [ '2.0.5' ],
18 silly audit   '@types/mime': [ '1.3.5' ],
18 silly audit   '@types/node': [ '22.19.17' ],
18 silly audit   '@types/qs': [ '6.15.0' ],
18 silly audit   '@types/range-parser': [ '1.2.7' ],
18 silly audit   '@types/retry': [ '0.12.0' ],
18 silly audit   '@types/send': [ '1.2.1', '0.17.6' ],
18 silly audit   '@types/serve-static': [ '1.15.10' ],
18 silly audit   '@vitejs/plugin-react': [ '5.2.0' ],
18 silly audit   accepts: [ '1.3.8' ],
18 silly audit   'agent-base': [ '7.1.4' ],
18 silly audit   'array-flatten': [ '1.1.1' ],
18 silly audit   autoprefixer: [ '10.5.0' ],
18 silly audit   'base64-js': [ '1.5.1' ],
18 silly audit   'baseline-browser-mapping': [ '2.10.20' ],
18 silly audit   'bignumber.js': [ '9.3.1' ],
18 silly audit   'body-parser': [ '1.20.4' ],
18 silly audit   debug: [ '2.6.9', '4.4.3' ],
18 silly audit   ms: [ '2.0.0', '2.1.3' ],
18 silly audit   browserslist: [ '4.28.2' ],
18 silly audit   'buffer-equal-constant-time': [ '1.0.1' ],
18 silly audit   bytes: [ '3.1.2' ],
18 silly audit   'call-bind-apply-helpers': [ '1.0.2' ],
18 silly audit   'call-bound': [ '1.0.4' ],
18 silly audit   'caniuse-lite': [ '1.0.30001788' ],
18 silly audit   'content-disposition': [ '0.5.4' ],
18 silly audit   'content-type': [ '1.0.5' ],
18 silly audit   'convert-source-map': [ '2.0.0' ],
18 silly audit   cookie: [ '0.7.2' ],
18 silly audit   'cookie-signature': [ '1.0.7' ],
18 silly audit   'data-uri-to-buffer': [ '4.0.1' ],
18 silly audit   depd: [ '2.0.0' ],
18 silly audit   destroy: [ '1.2.0' ],
18 silly audit   'detect-libc': [ '2.1.2' ],
18 silly audit   dotenv: [ '17.4.2' ],
18 silly audit   'dunder-proto': [ '1.0.1' ],
18 silly audit   'ecdsa-sig-formatter': [ '1.0.11' ],
18 silly audit   'ee-first': [ '1.1.1' ],
18 silly audit   'electron-to-chromium': [ '1.5.340' ],
18 silly audit   encodeurl: [ '2.0.0' ],
18 silly audit   'enhanced-resolve': [ '5.20.1' ],
18 silly audit   'es-define-property': [ '1.0.1' ],
18 silly audit   'es-errors': [ '1.3.0' ],
18 silly audit   'es-object-atoms': [ '1.1.1' ],
18 silly audit   esbuild: [ '0.27.7', '0.25.12' ],
18 silly audit   escalade: [ '3.2.0' ],
18 silly audit   'escape-html': [ '1.0.3' ],
18 silly audit   etag: [ '1.8.1' ],
18 silly audit   express: [ '4.22.1' ],
18 silly audit   extend: [ '3.0.2' ],
18 silly audit   fdir: [ '6.5.0' ],
18 silly audit   'fetch-blob': [ '3.2.0' ],
18 silly audit   finalhandler: [ '1.3.2' ],
18 silly audit   'formdata-polyfill': [ '4.0.10' ],
18 silly audit   forwarded: [ '0.2.0' ],
18 silly audit   'fraction.js': [ '5.3.4' ],
18 silly audit   'framer-motion': [ '12.38.0' ],
18 silly audit   fresh: [ '0.5.2' ],
18 silly audit   fsevents: [ '2.3.3' ],
18 silly audit   'function-bind': [ '1.1.2' ],
18 silly audit   gaxios: [ '7.1.4' ],
18 silly audit   'gcp-metadata': [ '8.1.2' ],
18 silly audit   gensync: [ '1.0.0-beta.2' ],
18 silly audit   'get-intrinsic': [ '1.3.0' ],
18 silly audit   'get-proto': [ '1.0.1' ],
18 silly audit   'get-tsconfig': [ '4.14.0' ],
18 silly audit   'google-auth-library': [ '10.6.2' ],
18 silly audit   'google-logging-utils': [ '1.1.3' ],
18 silly audit   gopd: [ '1.2.0' ],
18 silly audit   'graceful-fs': [ '4.2.11' ],
18 silly audit   'has-symbols': [ '1.1.0' ],
18 silly audit   hasown: [ '2.0.3' ],
18 silly audit   'http-errors': [ '2.0.1' ],
18 silly audit   'https-proxy-agent': [ '7.0.6' ],
18 silly audit   'iconv-lite': [ '0.4.24' ],
18 silly audit   inherits: [ '2.0.4' ],
18 silly audit   'ipaddr.js': [ '1.9.1' ],
18 silly audit   jiti: [ '2.6.1' ],
18 silly audit   'js-tokens': [ '4.0.0' ],
18 silly audit   jsesc: [ '3.1.0' ],
18 silly audit   'json-bigint': [ '1.0.0' ],
18 silly audit   json5: [ '2.2.3' ],
18 silly audit   jwa: [ '2.0.1' ],
18 silly audit   jws: [ '4.0.1' ],
18 silly audit   lightningcss: [ '1.32.0' ],
18 silly audit   'lightningcss-android-arm64': [ '1.32.0' ],
18 silly audit   'lightningcss-darwin-arm64': [ '1.32.0' ],
18 silly audit   'lightningcss-darwin-x64': [ '1.32.0' ],
18 silly audit   'lightningcss-freebsd-x64': [ '1.32.0' ],
18 silly audit   'lightningcss-linux-arm-gnueabihf': [ '1.32.0' ],
18 silly audit   'lightningcss-linux-arm64-gnu': [ '1.32.0' ],
18 silly audit   'lightningcss-linux-arm64-musl': [ '1.32.0' ],
18 silly audit   'lightningcss-linux-x64-gnu': [ '1.32.0' ],
18 silly audit   'lightningcss-linux-x64-musl': [ '1.32.0' ],
18 silly audit   'lightningcss-win32-arm64-msvc': [ '1.32.0' ],
18 silly audit   'lightningcss-win32-x64-msvc': [ '1.32.0' ],
18 silly audit   long: [ '5.3.2' ],
18 silly audit   'lru-cache': [ '5.1.1' ],
18 silly audit   'lucide-react': [ '0.546.0' ],
18 silly audit   'magic-string': [ '0.30.21' ],
18 silly audit   'math-intrinsics': [ '1.1.0' ],
18 silly audit   'media-typer': [ '0.3.0' ],
18 silly audit   'merge-descriptors': [ '1.0.3' ],
18 silly audit   methods: [ '1.1.2' ],
18 silly audit   mime: [ '1.6.0' ],
18 silly audit   'mime-db': [ '1.52.0' ],
18 silly audit   'mime-types': [ '2.1.35' ],
18 silly audit   motion: [ '12.38.0' ],
18 silly audit   'motion-dom': [ '12.38.0' ],
18 silly audit   'motion-utils': [ '12.36.0' ],
18 silly audit   nanoid: [ '3.3.11' ],
18 silly audit   negotiator: [ '0.6.3' ],
18 silly audit   'node-domexception': [ '1.0.0' ],
18 silly audit   'node-fetch': [ '3.3.2' ],
18 silly audit   'node-releases': [ '2.0.37' ],
18 silly audit   'object-inspect': [ '1.13.4' ],
18 silly audit   'on-finished': [ '2.4.1' ],
18 silly audit   'p-retry': [ '4.6.2' ],
18 silly audit   parseurl: [ '1.3.3' ],
18 silly audit   'path-to-regexp': [ '0.1.13' ],
18 silly audit   picocolors: [ '1.1.1' ],
18 silly audit   picomatch: [ '4.0.4' ],
18 silly audit   postcss: [ '8.5.10' ],
18 silly audit   'postcss-value-parser': [ '4.2.0' ],
18 silly audit   protobufjs: [ '7.5.5' ],
18 silly audit   'proxy-addr': [ '2.0.7' ],
18 silly audit   qs: [ '6.14.2' ],
18 silly audit   'range-parser': [ '1.2.1' ],
18 silly audit   'raw-body': [ '2.5.3' ],
18 silly audit   react: [ '19.2.5' ],
18 silly audit   'react-dom': [ '19.2.5' ],
18 silly audit   'react-refresh': [ '0.18.0' ],
18 silly audit   'resolve-pkg-maps': [ '1.0.0' ],
18 silly audit   retry: [ '0.13.1' ],
18 silly audit   rollup: [ '4.60.2' ],
18 silly audit   'safe-buffer': [ '5.2.1' ],
18 silly audit   'safer-buffer': [ '2.1.2' ],
18 silly audit   scheduler: [ '0.27.0' ],
18 silly audit   semver: [ '6.3.1' ],
18 silly audit   send: [ '0.19.2' ],
18 silly audit   'serve-static': [ '1.16.3' ],
18 silly audit   setprototypeof: [ '1.2.0' ],
18 silly audit   'side-channel': [ '1.1.0' ],
18 silly audit   'side-channel-list': [ '1.0.1' ],
18 silly audit   'side-channel-map': [ '1.0.1' ],
18 silly audit   'side-channel-weakmap': [ '1.0.2' ],
18 silly audit   'source-map-js': [ '1.2.1' ],
18 silly audit   statuses: [ '2.0.2' ],
18 silly audit   tailwindcss: [ '4.2.3' ],
18 silly audit   tapable: [ '2.3.2' ],
18 silly audit   tinyglobby: [ '0.2.16' ],
18 silly audit   toidentifier: [ '1.0.1' ],
18 silly audit   tslib: [ '2.8.1' ],
18 silly audit   tsx: [ '4.21.0' ],
18 silly audit   'type-is': [ '1.6.18' ],
18 silly audit   typescript: [ '5.8.3' ],
18 silly audit   'undici-types': [ '6.21.0' ],
18 silly audit   unpipe: [ '1.0.0' ],
18 silly audit   'update-browserslist-db': [ '1.2.3' ],
18 silly audit   'utils-merge': [ '1.0.1' ],
18 silly audit   vary: [ '1.1.2' ],
18 silly audit   vite: [ '6.4.2' ],
18 silly audit   'web-streams-polyfill': [ '3.3.3' ],
18 silly audit   ws: [ '8.20.0' ],
18 silly audit   yallist: [ '3.1.1' ],
18 silly audit   '@tailwindcss/oxide-wasm32-wasi': [ '4.2.3' ]
18 silly audit }
19 verbose reify failed optional dependency /Users/minhmarcom/Downloads/natusclean-main/node_modules/vite/node_modules/@esbuild/win32-x64
20 silly reify mark deleted [
20 silly reify   '/Users/minhmarcom/Downloads/natusclean-main/node_modules/vite/node_modules/@esbuild/win32-x64'
20 silly reify ]
21 verbose reify failed optional dependency /Users/minhmarcom/Downloads/natusclean-main/node_modules/vite/node_modules/@esbuild/win32-ia32
22 silly reify mark deleted [
22 silly reify   '/Users/minhmarcom/Downloads/natusclean-main/node_modules/vite/node_modules/@esbuild/win32-ia32'
22 silly reify ]
23 verbose reify failed optional dependency /Users/minhmarcom/Downloads/natusclean-main/node_modules/vite/node_modules/@esbuild/win32-arm64
24 silly reify mark deleted [
24 silly reify   '/Users/minhmarcom/Downloads/natusclean-main/node_modules/vite/node_modules/@esbuild/win32-arm64'
24 silly reify ]
25 verbose reify failed optional dependency /Users/minhmarcom/Downloads/natusclean-main/node_modules/vite/node_modules/@esbuild/sunos-x64
26 silly reify mark deleted [
26 silly reify   '/Users/minhmarcom/Downloads/natusclean-main/node_modules/vite/node_modules/@esbuild/sunos-x64'
26 silly reify ]
27 verbose reify failed optional dependency /Users/minhmarcom/Downloads/natusclean-main/node_modules/vite/node_modules/@esbuild/openharmony-arm64
28 silly reify mark deleted [
28 silly reify   '/Users/minhmarcom/Downloads/natusclean-main/node_modules/vite/node_modules/@esbuild/openharmony-arm64'
28 silly reify ]
29 verbose reify failed optional dependency /Users/minhmarcom/Downloads/natusclean-main/node_modules/vite/node_modules/@esbuild/openbsd-x64
30 silly reify mark deleted [
30 silly reify   '/Users/minhmarcom/Downloads/natusclean-main/node_modules/vite/node_modules/@esbuild/openbsd-x64'
30 silly reify ]
31 verbose reify failed optional dependency /Users/minhmarcom/Downloads/natusclean-main/node_modules/vite/node_modules/@esbuild/openbsd-arm64
32 silly reify mark deleted [
32 silly reify   '/Users/minhmarcom/Downloads/natusclean-main/node_modules/vite/node_modules/@esbuild/openbsd-arm64'
32 silly reify ]
33 verbose reify failed optional dependency /Users/minhmarcom/Downloads/natusclean-main/node_modules/vite/node_modules/@esbuild/netbsd-x64
34 silly reify mark deleted [
34 silly reify   '/Users/minhmarcom/Downloads/natusclean-main/node_modules/vite/node_modules/@esbuild/netbsd-x64'
34 silly reify ]
35 verbose reify failed optional dependency /Users/minhmarcom/Downloads/natusclean-main/node_modules/vite/node_modules/@esbuild/netbsd-arm64
36 silly reify mark deleted [
36 silly reify   '/Users/minhmarcom/Downloads/natusclean-main/node_modules/vite/node_modules/@esbuild/netbsd-arm64'
36 silly reify ]
37 verbose reify failed optional dependency /Users/minhmarcom/Downloads/natusclean-main/node_modules/vite/node_modules/@esbuild/linux-x64
38 silly reify mark deleted [
38 silly reify   '/Users/minhmarcom/Downloads/natusclean-main/node_modules/vite/node_modules/@esbuild/linux-x64'
38 silly reify ]
39 verbose reify failed optional dependency /Users/minhmarcom/Downloads/natusclean-main/node_modules/vite/node_modules/@esbuild/linux-s390x
40 silly reify mark deleted [
40 silly reify   '/Users/minhmarcom/Downloads/natusclean-main/node_modules/vite/node_modules/@esbuild/linux-s390x'
40 silly reify ]
41 verbose reify failed optional dependency /Users/minhmarcom/Downloads/natusclean-main/node_modules/vite/node_modules/@esbuild/linux-riscv64
42 silly reify mark deleted [
42 silly reify   '/Users/minhmarcom/Downloads/natusclean-main/node_modules/vite/node_modules/@esbuild/linux-riscv64'
42 silly reify ]
43 verbose reify failed optional dependency /Users/minhmarcom/Downloads/natusclean-main/node_modules/vite/node_modules/@esbuild/linux-ppc64
44 silly reify mark deleted [
44 silly reify   '/Users/minhmarcom/Downloads/natusclean-main/node_modules/vite/node_modules/@esbuild/linux-ppc64'
44 silly reify ]
45 verbose reify failed optional dependency /Users/minhmarcom/Downloads/natusclean-main/node_modules/vite/node_modules/@esbuild/linux-mips64el
46 silly reify mark deleted [
46 silly reify   '/Users/minhmarcom/Downloads/natusclean-main/node_modules/vite/node_modules/@esbuild/linux-mips64el'
46 silly reify ]
47 verbose reify failed optional dependency /Users/minhmarcom/Downloads/natusclean-main/node_modules/vite/node_modules/@esbuild/linux-loong64
48 silly reify mark deleted [
48 silly reify   '/Users/minhmarcom/Downloads/natusclean-main/node_modules/vite/node_modules/@esbuild/linux-loong64'
48 silly reify ]
49 verbose reify failed optional dependency /Users/minhmarcom/Downloads/natusclean-main/node_modules/vite/node_modules/@esbuild/linux-ia32
50 silly reify mark deleted [
50 silly reify   '/Users/minhmarcom/Downloads/natusclean-main/node_modules/vite/node_modules/@esbuild/linux-ia32'
50 silly reify ]
51 verbose reify failed optional dependency /Users/minhmarcom/Downloads/natusclean-main/node_modules/vite/node_modules/@esbuild/linux-arm64
52 silly reify mark deleted [
52 silly reify   '/Users/minhmarcom/Downloads/natusclean-main/node_modules/vite/node_modules/@esbuild/linux-arm64'
52 silly reify ]
53 verbose reify failed optional dependency /Users/minhmarcom/Downloads/natusclean-main/node_modules/vite/node_modules/@esbuild/linux-arm
54 silly reify mark deleted [
54 silly reify   '/Users/minhmarcom/Downloads/natusclean-main/node_modules/vite/node_modules/@esbuild/linux-arm'
54 silly reify ]
55 verbose reify failed optional dependency /Users/minhmarcom/Downloads/natusclean-main/node_modules/vite/node_modules/@esbuild/freebsd-x64
56 silly reify mark deleted [
56 silly reify   '/Users/minhmarcom/Downloads/natusclean-main/node_modules/vite/node_modules/@esbuild/freebsd-x64'
56 silly reify ]
57 verbose reify failed optional dependency /Users/minhmarcom/Downloads/natusclean-main/node_modules/vite/node_modules/@esbuild/freebsd-arm64
58 silly reify mark deleted [
58 silly reify   '/Users/minhmarcom/Downloads/natusclean-main/node_modules/vite/node_modules/@esbuild/freebsd-arm64'
58 silly reify ]
59 verbose reify failed optional dependency /Users/minhmarcom/Downloads/natusclean-main/node_modules/vite/node_modules/@esbuild/darwin-x64
60 silly reify mark deleted [
60 silly reify   '/Users/minhmarcom/Downloads/natusclean-main/node_modules/vite/node_modules/@esbuild/darwin-x64'
60 silly reify ]
61 verbose reify failed optional dependency /Users/minhmarcom/Downloads/natusclean-main/node_modules/vite/node_modules/@esbuild/android-x64
62 silly reify mark deleted [
62 silly reify   '/Users/minhmarcom/Downloads/natusclean-main/node_modules/vite/node_modules/@esbuild/android-x64'
62 silly reify ]
63 verbose reify failed optional dependency /Users/minhmarcom/Downloads/natusclean-main/node_modules/vite/node_modules/@esbuild/android-arm64
64 silly reify mark deleted [
64 silly reify   '/Users/minhmarcom/Downloads/natusclean-main/node_modules/vite/node_modules/@esbuild/android-arm64'
64 silly reify ]
65 verbose reify failed optional dependency /Users/minhmarcom/Downloads/natusclean-main/node_modules/vite/node_modules/@esbuild/android-arm
66 silly reify mark deleted [
66 silly reify   '/Users/minhmarcom/Downloads/natusclean-main/node_modules/vite/node_modules/@esbuild/android-arm'
66 silly reify ]
67 verbose reify failed optional dependency /Users/minhmarcom/Downloads/natusclean-main/node_modules/vite/node_modules/@esbuild/aix-ppc64
68 silly reify mark deleted [
68 silly reify   '/Users/minhmarcom/Downloads/natusclean-main/node_modules/vite/node_modules/@esbuild/aix-ppc64'
68 silly reify ]
69 verbose reify failed optional dependency /Users/minhmarcom/Downloads/natusclean-main/node_modules/lightningcss-win32-x64-msvc
70 silly reify mark deleted [
70 silly reify   '/Users/minhmarcom/Downloads/natusclean-main/node_modules/lightningcss-win32-x64-msvc'
70 silly reify ]
71 verbose reify failed optional dependency /Users/minhmarcom/Downloads/natusclean-main/node_modules/lightningcss-win32-arm64-msvc
72 silly reify mark deleted [
72 silly reify   '/Users/minhmarcom/Downloads/natusclean-main/node_modules/lightningcss-win32-arm64-msvc'
72 silly reify ]
73 verbose reify failed optional dependency /Users/minhmarcom/Downloads/natusclean-main/node_modules/lightningcss-linux-x64-musl
74 silly reify mark deleted [
74 silly reify   '/Users/minhmarcom/Downloads/natusclean-main/node_modules/lightningcss-linux-x64-musl'
74 silly reify ]
75 verbose reify failed optional dependency /Users/minhmarcom/Downloads/natusclean-main/node_modules/lightningcss-linux-x64-gnu
76 silly reify mark deleted [
76 silly reify   '/Users/minhmarcom/Downloads/natusclean-main/node_modules/lightningcss-linux-x64-gnu'
76 silly reify ]
77 verbose reify failed optional dependency /Users/minhmarcom/Downloads/natusclean-main/node_modules/lightningcss-linux-arm64-musl
78 silly reify mark deleted [
78 silly reify   '/Users/minhmarcom/Downloads/natusclean-main/node_modules/lightningcss-linux-arm64-musl'
78 silly reify ]
79 verbose reify failed optional dependency /Users/minhmarcom/Downloads/natusclean-main/node_modules/lightningcss-linux-arm64-gnu
80 silly reify mark deleted [
80 silly reify   '/Users/minhmarcom/Downloads/natusclean-main/node_modules/lightningcss-linux-arm64-gnu'
80 silly reify ]
81 verbose reify failed optional dependency /Users/minhmarcom/Downloads/natusclean-main/node_modules/lightningcss-linux-arm-gnueabihf
82 silly reify mark deleted [
82 silly reify   '/Users/minhmarcom/Downloads/natusclean-main/node_modules/lightningcss-linux-arm-gnueabihf'
82 silly reify ]
83 verbose reify failed optional dependency /Users/minhmarcom/Downloads/natusclean-main/node_modules/lightningcss-freebsd-x64
84 silly reify mark deleted [
84 silly reify   '/Users/minhmarcom/Downloads/natusclean-main/node_modules/lightningcss-freebsd-x64'
84 silly reify ]
85 verbose reify failed optional dependency /Users/minhmarcom/Downloads/natusclean-main/node_modules/lightningcss-darwin-x64
86 silly reify mark deleted [
86 silly reify   '/Users/minhmarcom/Downloads/natusclean-main/node_modules/lightningcss-darwin-x64'
86 silly reify ]
87 verbose reify failed optional dependency /Users/minhmarcom/Downloads/natusclean-main/node_modules/lightningcss-android-arm64
88 silly reify mark deleted [
88 silly reify   '/Users/minhmarcom/Downloads/natusclean-main/node_modules/lightningcss-android-arm64'
88 silly reify ]
89 verbose reify failed optional dependency /Users/minhmarcom/Downloads/natusclean-main/node_modules/@tailwindcss/oxide-win32-x64-msvc
90 silly reify mark deleted [
90 silly reify   '/Users/minhmarcom/Downloads/natusclean-main/node_modules/@tailwindcss/oxide-win32-x64-msvc'
90 silly reify ]
91 verbose reify failed optional dependency /Users/minhmarcom/Downloads/natusclean-main/node_modules/@tailwindcss/oxide-win32-arm64-msvc
92 silly reify mark deleted [
92 silly reify   '/Users/minhmarcom/Downloads/natusclean-main/node_modules/@tailwindcss/oxide-win32-arm64-msvc'
92 silly reify ]
93 verbose reify failed optional dependency /Users/minhmarcom/Downloads/natusclean-main/node_modules/@tailwindcss/oxide-linux-x64-musl
94 silly reify mark deleted [
94 silly reify   '/Users/minhmarcom/Downloads/natusclean-main/node_modules/@tailwindcss/oxide-linux-x64-musl'
94 silly reify ]
95 verbose reify failed optional dependency /Users/minhmarcom/Downloads/natusclean-main/node_modules/@tailwindcss/oxide-linux-x64-gnu
96 silly reify mark deleted [
96 silly reify   '/Users/minhmarcom/Downloads/natusclean-main/node_modules/@tailwindcss/oxide-linux-x64-gnu'
96 silly reify ]
97 verbose reify failed optional dependency /Users/minhmarcom/Downloads/natusclean-main/node_modules/@tailwindcss/oxide-linux-arm64-musl
98 silly reify mark deleted [
98 silly reify   '/Users/minhmarcom/Downloads/natusclean-main/node_modules/@tailwindcss/oxide-linux-arm64-musl'
98 silly reify ]
99 verbose reify failed optional dependency /Users/minhmarcom/Downloads/natusclean-main/node_modules/@tailwindcss/oxide-linux-arm64-gnu
100 silly reify mark deleted [
100 silly reify   '/Users/minhmarcom/Downloads/natusclean-main/node_modules/@tailwindcss/oxide-linux-arm64-gnu'
100 silly reify ]
101 verbose reify failed optional dependency /Users/minhmarcom/Downloads/natusclean-main/node_modules/@tailwindcss/oxide-linux-arm-gnueabihf
102 silly reify mark deleted [
102 silly reify   '/Users/minhmarcom/Downloads/natusclean-main/node_modules/@tailwindcss/oxide-linux-arm-gnueabihf'
102 silly reify ]
103 verbose reify failed optional dependency /Users/minhmarcom/Downloads/natusclean-main/node_modules/@tailwindcss/oxide-freebsd-x64
104 silly reify mark deleted [
104 silly reify   '/Users/minhmarcom/Downloads/natusclean-main/node_modules/@tailwindcss/oxide-freebsd-x64'
104 silly reify ]
105 verbose reify failed optional dependency /Users/minhmarcom/Downloads/natusclean-main/node_modules/@tailwindcss/oxide-darwin-x64
106 silly reify mark deleted [
106 silly reify   '/Users/minhmarcom/Downloads/natusclean-main/node_modules/@tailwindcss/oxide-darwin-x64'
106 silly reify ]
107 verbose reify failed optional dependency /Users/minhmarcom/Downloads/natusclean-main/node_modules/@tailwindcss/oxide-android-arm64
108 silly reify mark deleted [
108 silly reify   '/Users/minhmarcom/Downloads/natusclean-main/node_modules/@tailwindcss/oxide-android-arm64'
108 silly reify ]
109 verbose reify failed optional dependency /Users/minhmarcom/Downloads/natusclean-main/node_modules/@rollup/rollup-win32-x64-msvc
110 silly reify mark deleted [
110 silly reify   '/Users/minhmarcom/Downloads/natusclean-main/node_modules/@rollup/rollup-win32-x64-msvc'
110 silly reify ]
111 verbose reify failed optional dependency /Users/minhmarcom/Downloads/natusclean-main/node_modules/@rollup/rollup-win32-x64-gnu
112 silly reify mark deleted [
112 silly reify   '/Users/minhmarcom/Downloads/natusclean-main/node_modules/@rollup/rollup-win32-x64-gnu'
112 silly reify ]
113 verbose reify failed optional dependency /Users/minhmarcom/Downloads/natusclean-main/node_modules/@rollup/rollup-win32-ia32-msvc
114 silly reify mark deleted [
114 silly reify   '/Users/minhmarcom/Downloads/natusclean-main/node_modules/@rollup/rollup-win32-ia32-msvc'
114 silly reify ]
115 verbose reify failed optional dependency /Users/minhmarcom/Downloads/natusclean-main/node_modules/@rollup/rollup-win32-arm64-msvc
116 silly reify mark deleted [
116 silly reify   '/Users/minhmarcom/Downloads/natusclean-main/node_modules/@rollup/rollup-win32-arm64-msvc'
116 silly reify ]
117 verbose reify failed optional dependency /Users/minhmarcom/Downloads/natusclean-main/node_modules/@rollup/rollup-openharmony-arm64
118 silly reify mark deleted [
118 silly reify   '/Users/minhmarcom/Downloads/natusclean-main/node_modules/@rollup/rollup-openharmony-arm64'
118 silly reify ]
119 verbose reify failed optional dependency /Users/minhmarcom/Downloads/natusclean-main/node_modules/@rollup/rollup-openbsd-x64
120 silly reify mark deleted [
120 silly reify   '/Users/minhmarcom/Downloads/natusclean-main/node_modules/@rollup/rollup-openbsd-x64'
120 silly reify ]
121 verbose reify failed optional dependency /Users/minhmarcom/Downloads/natusclean-main/node_modules/@rollup/rollup-linux-x64-musl
122 silly reify mark deleted [
122 silly reify   '/Users/minhmarcom/Downloads/natusclean-main/node_modules/@rollup/rollup-linux-x64-musl'
122 silly reify ]
123 verbose reify failed optional dependency /Users/minhmarcom/Downloads/natusclean-main/node_modules/@rollup/rollup-linux-x64-gnu
124 silly reify mark deleted [
124 silly reify   '/Users/minhmarcom/Downloads/natusclean-main/node_modules/@rollup/rollup-linux-x64-gnu'
124 silly reify ]
125 verbose reify failed optional dependency /Users/minhmarcom/Downloads/natusclean-main/node_modules/@rollup/rollup-linux-s390x-gnu
126 silly reify mark deleted [
126 silly reify   '/Users/minhmarcom/Downloads/natusclean-main/node_modules/@rollup/rollup-linux-s390x-gnu'
126 silly reify ]
127 verbose reify failed optional dependency /Users/minhmarcom/Downloads/natusclean-main/node_modules/@rollup/rollup-linux-riscv64-musl
128 silly reify mark deleted [
128 silly reify   '/Users/minhmarcom/Downloads/natusclean-main/node_modules/@rollup/rollup-linux-riscv64-musl'
128 silly reify ]
129 verbose reify failed optional dependency /Users/minhmarcom/Downloads/natusclean-main/node_modules/@rollup/rollup-linux-riscv64-gnu
130 silly reify mark deleted [
130 silly reify   '/Users/minhmarcom/Downloads/natusclean-main/node_modules/@rollup/rollup-linux-riscv64-gnu'
130 silly reify ]
131 verbose reify failed optional dependency /Users/minhmarcom/Downloads/natusclean-main/node_modules/@rollup/rollup-linux-ppc64-musl
132 silly reify mark deleted [
132 silly reify   '/Users/minhmarcom/Downloads/natusclean-main/node_modules/@rollup/rollup-linux-ppc64-musl'
132 silly reify ]
133 verbose reify failed optional dependency /Users/minhmarcom/Downloads/natusclean-main/node_modules/@rollup/rollup-linux-ppc64-gnu
134 silly reify mark deleted [
134 silly reify   '/Users/minhmarcom/Downloads/natusclean-main/node_modules/@rollup/rollup-linux-ppc64-gnu'
134 silly reify ]
135 verbose reify failed optional dependency /Users/minhmarcom/Downloads/natusclean-main/node_modules/@rollup/rollup-linux-loong64-musl
136 silly reify mark deleted [
136 silly reify   '/Users/minhmarcom/Downloads/natusclean-main/node_modules/@rollup/rollup-linux-loong64-musl'
136 silly reify ]
137 verbose reify failed optional dependency /Users/minhmarcom/Downloads/natusclean-main/node_modules/@rollup/rollup-linux-loong64-gnu
138 silly reify mark deleted [
138 silly reify   '/Users/minhmarcom/Downloads/natusclean-main/node_modules/@rollup/rollup-linux-loong64-gnu'
138 silly reify ]
139 verbose reify failed optional dependency /Users/minhmarcom/Downloads/natusclean-main/node_modules/@rollup/rollup-linux-arm64-musl
140 silly reify mark deleted [
140 silly reify   '/Users/minhmarcom/Downloads/natusclean-main/node_modules/@rollup/rollup-linux-arm64-musl'
140 silly reify ]
141 verbose reify failed optional dependency /Users/minhmarcom/Downloads/natusclean-main/node_modules/@rollup/rollup-linux-arm64-gnu
142 silly reify mark deleted [
142 silly reify   '/Users/minhmarcom/Downloads/natusclean-main/node_modules/@rollup/rollup-linux-arm64-gnu'
142 silly reify ]
143 verbose reify failed optional dependency /Users/minhmarcom/Downloads/natusclean-main/node_modules/@rollup/rollup-linux-arm-musleabihf
144 silly reify mark deleted [
144 silly reify   '/Users/minhmarcom/Downloads/natusclean-main/node_modules/@rollup/rollup-linux-arm-musleabihf'
144 silly reify ]
145 verbose reify failed optional dependency /Users/minhmarcom/Downloads/natusclean-main/node_modules/@rollup/rollup-linux-arm-gnueabihf
146 silly reify mark deleted [
146 silly reify   '/Users/minhmarcom/Downloads/natusclean-main/node_modules/@rollup/rollup-linux-arm-gnueabihf'
146 silly reify ]
147 verbose reify failed optional dependency /Users/minhmarcom/Downloads/natusclean-main/node_modules/@rollup/rollup-freebsd-x64
148 silly reify mark deleted [
148 silly reify   '/Users/minhmarcom/Downloads/natusclean-main/node_modules/@rollup/rollup-freebsd-x64'
148 silly reify ]
149 verbose reify failed optional dependency /Users/minhmarcom/Downloads/natusclean-main/node_modules/@rollup/rollup-freebsd-arm64
150 silly reify mark deleted [
150 silly reify   '/Users/minhmarcom/Downloads/natusclean-main/node_modules/@rollup/rollup-freebsd-arm64'
150 silly reify ]
151 verbose reify failed optional dependency /Users/minhmarcom/Downloads/natusclean-main/node_modules/@rollup/rollup-darwin-x64
152 silly reify mark deleted [
152 silly reify   '/Users/minhmarcom/Downloads/natusclean-main/node_modules/@rollup/rollup-darwin-x64'
152 silly reify ]
153 verbose reify failed optional dependency /Users/minhmarcom/Downloads/natusclean-main/node_modules/@rollup/rollup-android-arm64
154 silly reify mark deleted [
154 silly reify   '/Users/minhmarcom/Downloads/natusclean-main/node_modules/@rollup/rollup-android-arm64'
154 silly reify ]
155 verbose reify failed optional dependency /Users/minhmarcom/Downloads/natusclean-main/node_modules/@rollup/rollup-android-arm-eabi
156 silly reify mark deleted [
156 silly reify   '/Users/minhmarcom/Downloads/natusclean-main/node_modules/@rollup/rollup-android-arm-eabi'
156 silly reify ]
157 verbose reify failed optional dependency /Users/minhmarcom/Downloads/natusclean-main/node_modules/@esbuild/win32-x64
158 silly reify mark deleted [
158 silly reify   '/Users/minhmarcom/Downloads/natusclean-main/node_modules/@esbuild/win32-x64'
158 silly reify ]
159 verbose reify failed optional dependency /Users/minhmarcom/Downloads/natusclean-main/node_modules/@esbuild/win32-ia32
160 silly reify mark deleted [
160 silly reify   '/Users/minhmarcom/Downloads/natusclean-main/node_modules/@esbuild/win32-ia32'
160 silly reify ]
161 verbose reify failed optional dependency /Users/minhmarcom/Downloads/natusclean-main/node_modules/@esbuild/win32-arm64
162 silly reify mark deleted [
162 silly reify   '/Users/minhmarcom/Downloads/natusclean-main/node_modules/@esbuild/win32-arm64'
162 silly reify ]
163 verbose reify failed optional dependency /Users/minhmarcom/Downloads/natusclean-main/node_modules/@esbuild/sunos-x64
164 silly reify mark deleted [
164 silly reify   '/Users/minhmarcom/Downloads/natusclean-main/node_modules/@esbuild/sunos-x64'
164 silly reify ]
165 verbose reify failed optional dependency /Users/minhmarcom/Downloads/natusclean-main/node_modules/@esbuild/openharmony-arm64
166 silly reify mark deleted [
166 silly reify   '/Users/minhmarcom/Downloads/natusclean-main/node_modules/@esbuild/openharmony-arm64'
166 silly reify ]
167 verbose reify failed optional dependency /Users/minhmarcom/Downloads/natusclean-main/node_modules/@esbuild/openbsd-x64
168 silly reify mark deleted [
168 silly reify   '/Users/minhmarcom/Downloads/natusclean-main/node_modules/@esbuild/openbsd-x64'
168 silly reify ]
169 verbose reify failed optional dependency /Users/minhmarcom/Downloads/natusclean-main/node_modules/@esbuild/openbsd-arm64
170 silly reify mark deleted [
170 silly reify   '/Users/minhmarcom/Downloads/natusclean-main/node_modules/@esbuild/openbsd-arm64'
170 silly reify ]
171 verbose reify failed optional dependency /Users/minhmarcom/Downloads/natusclean-main/node_modules/@esbuild/netbsd-x64
172 silly reify mark deleted [
172 silly reify   '/Users/minhmarcom/Downloads/natusclean-main/node_modules/@esbuild/netbsd-x64'
172 silly reify ]
173 verbose reify failed optional dependency /Users/minhmarcom/Downloads/natusclean-main/node_modules/@esbuild/netbsd-arm64
174 silly reify mark deleted [
174 silly reify   '/Users/minhmarcom/Downloads/natusclean-main/node_modules/@esbuild/netbsd-arm64'
174 silly reify ]
175 verbose reify failed optional dependency /Users/minhmarcom/Downloads/natusclean-main/node_modules/@esbuild/linux-x64
176 silly reify mark deleted [
176 silly reify   '/Users/minhmarcom/Downloads/natusclean-main/node_modules/@esbuild/linux-x64'
176 silly reify ]
177 verbose reify failed optional dependency /Users/minhmarcom/Downloads/natusclean-main/node_modules/@esbuild/linux-s390x
178 silly reify mark deleted [
178 silly reify   '/Users/minhmarcom/Downloads/natusclean-main/node_modules/@esbuild/linux-s390x'
178 silly reify ]
179 verbose reify failed optional dependency /Users/minhmarcom/Downloads/natusclean-main/node_modules/@esbuild/linux-riscv64
180 silly reify mark deleted [
180 silly reify   '/Users/minhmarcom/Downloads/natusclean-main/node_modules/@esbuild/linux-riscv64'
180 silly reify ]
181 verbose reify failed optional dependency /Users/minhmarcom/Downloads/natusclean-main/node_modules/@esbuild/linux-ppc64
182 silly reify mark deleted [
182 silly reify   '/Users/minhmarcom/Downloads/natusclean-main/node_modules/@esbuild/linux-ppc64'
182 silly reify ]
183 verbose reify failed optional dependency /Users/minhmarcom/Downloads/natusclean-main/node_modules/@esbuild/linux-mips64el
184 silly reify mark deleted [
184 silly reify   '/Users/minhmarcom/Downloads/natusclean-main/node_modules/@esbuild/linux-mips64el'
184 silly reify ]
185 verbose reify failed optional dependency /Users/minhmarcom/Downloads/natusclean-main/node_modules/@esbuild/linux-loong64
186 silly reify mark deleted [
186 silly reify   '/Users/minhmarcom/Downloads/natusclean-main/node_modules/@esbuild/linux-loong64'
186 silly reify ]
187 verbose reify failed optional dependency /Users/minhmarcom/Downloads/natusclean-main/node_modules/@esbuild/linux-ia32
188 silly reify mark deleted [
188 silly reify   '/Users/minhmarcom/Downloads/natusclean-main/node_modules/@esbuild/linux-ia32'
188 silly reify ]
189 verbose reify failed optional dependency /Users/minhmarcom/Downloads/natusclean-main/node_modules/@esbuild/linux-arm64
190 silly reify mark deleted [
190 silly reify   '/Users/minhmarcom/Downloads/natusclean-main/node_modules/@esbuild/linux-arm64'
190 silly reify ]
191 verbose reify failed optional dependency /Users/minhmarcom/Downloads/natusclean-main/node_modules/@esbuild/linux-arm
192 silly reify mark deleted [
192 silly reify   '/Users/minhmarcom/Downloads/natusclean-main/node_modules/@esbuild/linux-arm'
192 silly reify ]
193 verbose reify failed optional dependency /Users/minhmarcom/Downloads/natusclean-main/node_modules/@esbuild/freebsd-x64
194 silly reify mark deleted [
194 silly reify   '/Users/minhmarcom/Downloads/natusclean-main/node_modules/@esbuild/freebsd-x64'
194 silly reify ]
195 verbose reify failed optional dependency /Users/minhmarcom/Downloads/natusclean-main/node_modules/@esbuild/freebsd-arm64
196 silly reify mark deleted [
196 silly reify   '/Users/minhmarcom/Downloads/natusclean-main/node_modules/@esbuild/freebsd-arm64'
196 silly reify ]
197 verbose reify failed optional dependency /Users/minhmarcom/Downloads/natusclean-main/node_modules/@esbuild/darwin-x64
198 silly reify mark deleted [
198 silly reify   '/Users/minhmarcom/Downloads/natusclean-main/node_modules/@esbuild/darwin-x64'
198 silly reify ]
199 verbose reify failed optional dependency /Users/minhmarcom/Downloads/natusclean-main/node_modules/@esbuild/android-x64
200 silly reify mark deleted [
200 silly reify   '/Users/minhmarcom/Downloads/natusclean-main/node_modules/@esbuild/android-x64'
200 silly reify ]
201 verbose reify failed optional dependency /Users/minhmarcom/Downloads/natusclean-main/node_modules/@esbuild/android-arm64
202 silly reify mark deleted [
202 silly reify   '/Users/minhmarcom/Downloads/natusclean-main/node_modules/@esbuild/android-arm64'
202 silly reify ]
203 verbose reify failed optional dependency /Users/minhmarcom/Downloads/natusclean-main/node_modules/@esbuild/android-arm
204 silly reify mark deleted [
204 silly reify   '/Users/minhmarcom/Downloads/natusclean-main/node_modules/@esbuild/android-arm'
204 silly reify ]
205 verbose reify failed optional dependency /Users/minhmarcom/Downloads/natusclean-main/node_modules/@esbuild/aix-ppc64
206 silly reify mark deleted [
206 silly reify   '/Users/minhmarcom/Downloads/natusclean-main/node_modules/@esbuild/aix-ppc64'
206 silly reify ]
207 verbose audit error FetchError: request to https://registry.npmjs.org/-/npm/v1/security/advisories/bulk failed, reason: getaddrinfo ENOTFOUND registry.npmjs.org
207 verbose audit error     at ClientRequest.<anonymous> (/opt/homebrew/lib/node_modules/npm/node_modules/minipass-fetch/lib/index.js:130:14)
207 verbose audit error     at ClientRequest.emit (node:events:508:28)
207 verbose audit error     at emitErrorEvent (node:_http_client:107:11)
207 verbose audit error     at _destroy (node:_http_client:954:9)
207 verbose audit error     at onSocketNT (node:_http_client:974:5)
207 verbose audit error     at process.processTicksAndRejections (node:internal/process/task_queues:91:21) {
207 verbose audit error   code: 'ENOTFOUND',
207 verbose audit error   errno: 'ENOTFOUND',
207 verbose audit error   syscall: 'getaddrinfo',
207 verbose audit error   hostname: 'registry.npmjs.org',
207 verbose audit error   type: 'system'
207 verbose audit error }
208 silly audit error undefined
209 silly audit report null
210 http cache ws@https://registry.npmjs.org/ws/-/ws-8.20.0.tgz 0ms (cache hit)
211 http cache web-streams-polyfill@https://registry.npmjs.org/web-streams-polyfill/-/web-streams-polyfill-3.3.3.tgz 0ms (cache hit)
212 http cache yallist@https://registry.npmjs.org/yallist/-/yallist-3.1.1.tgz 0ms (cache hit)
213 http cache vite@https://registry.npmjs.org/vite/-/vite-6.4.2.tgz 0ms (cache hit)
214 http cache utils-merge@https://registry.npmjs.org/utils-merge/-/utils-merge-1.0.1.tgz 0ms (cache hit)
215 http cache vary@https://registry.npmjs.org/vary/-/vary-1.1.2.tgz 0ms (cache hit)
216 http cache update-browserslist-db@https://registry.npmjs.org/update-browserslist-db/-/update-browserslist-db-1.2.3.tgz 0ms (cache hit)
217 http cache unpipe@https://registry.npmjs.org/unpipe/-/unpipe-1.0.0.tgz 0ms (cache hit)
218 http cache type-is@https://registry.npmjs.org/type-is/-/type-is-1.6.18.tgz 0ms (cache hit)
219 http cache undici-types@https://registry.npmjs.org/undici-types/-/undici-types-6.21.0.tgz 0ms (cache hit)
220 http cache typescript@https://registry.npmjs.org/typescript/-/typescript-5.8.3.tgz 0ms (cache hit)
221 http cache tslib@https://registry.npmjs.org/tslib/-/tslib-2.8.1.tgz 0ms (cache hit)
222 http cache tsx@https://registry.npmjs.org/tsx/-/tsx-4.21.0.tgz 0ms (cache hit)
223 http cache toidentifier@https://registry.npmjs.org/toidentifier/-/toidentifier-1.0.1.tgz 0ms (cache hit)
224 http cache tinyglobby@https://registry.npmjs.org/tinyglobby/-/tinyglobby-0.2.16.tgz 0ms (cache hit)
225 http cache tapable@https://registry.npmjs.org/tapable/-/tapable-2.3.2.tgz 0ms (cache hit)
226 http cache statuses@https://registry.npmjs.org/statuses/-/statuses-2.0.2.tgz 0ms (cache hit)
227 http cache tailwindcss@https://registry.npmjs.org/tailwindcss/-/tailwindcss-4.2.3.tgz 0ms (cache hit)
228 http cache source-map-js@https://registry.npmjs.org/source-map-js/-/source-map-js-1.2.1.tgz 0ms (cache hit)
229 http cache side-channel-weakmap@https://registry.npmjs.org/side-channel-weakmap/-/side-channel-weakmap-1.0.2.tgz 0ms (cache hit)
230 http cache side-channel-map@https://registry.npmjs.org/side-channel-map/-/side-channel-map-1.0.1.tgz 0ms (cache hit)
231 http cache side-channel-list@https://registry.npmjs.org/side-channel-list/-/side-channel-list-1.0.1.tgz 0ms (cache hit)
232 http cache setprototypeof@https://registry.npmjs.org/setprototypeof/-/setprototypeof-1.2.0.tgz 0ms (cache hit)
233 http cache serve-static@https://registry.npmjs.org/serve-static/-/serve-static-1.16.3.tgz 0ms (cache hit)
234 http cache side-channel@https://registry.npmjs.org/side-channel/-/side-channel-1.1.0.tgz 0ms (cache hit)
235 http cache semver@https://registry.npmjs.org/semver/-/semver-6.3.1.tgz 0ms (cache hit)
236 http cache send@https://registry.npmjs.org/send/-/send-0.19.2.tgz 0ms (cache hit)
237 http cache scheduler@https://registry.npmjs.org/scheduler/-/scheduler-0.27.0.tgz 0ms (cache hit)
238 http cache safer-buffer@https://registry.npmjs.org/safer-buffer/-/safer-buffer-2.1.2.tgz 0ms (cache hit)
239 http cache safe-buffer@https://registry.npmjs.org/safe-buffer/-/safe-buffer-5.2.1.tgz 0ms (cache hit)
240 http cache rollup@https://registry.npmjs.org/rollup/-/rollup-4.60.2.tgz 0ms (cache hit)
241 http cache retry@https://registry.npmjs.org/retry/-/retry-0.13.1.tgz 0ms (cache hit)
242 http cache resolve-pkg-maps@https://registry.npmjs.org/resolve-pkg-maps/-/resolve-pkg-maps-1.0.0.tgz 0ms (cache hit)
243 http cache react-dom@https://registry.npmjs.org/react-dom/-/react-dom-19.2.5.tgz 0ms (cache hit)
244 http cache react-refresh@https://registry.npmjs.org/react-refresh/-/react-refresh-0.18.0.tgz 0ms (cache hit)
245 http cache range-parser@https://registry.npmjs.org/range-parser/-/range-parser-1.2.1.tgz 0ms (cache hit)
246 http cache raw-body@https://registry.npmjs.org/raw-body/-/raw-body-2.5.3.tgz 0ms (cache hit)
247 http cache proxy-addr@https://registry.npmjs.org/proxy-addr/-/proxy-addr-2.0.7.tgz 0ms (cache hit)
248 http cache qs@https://registry.npmjs.org/qs/-/qs-6.14.2.tgz 0ms (cache hit)
249 http cache protobufjs@https://registry.npmjs.org/protobufjs/-/protobufjs-7.5.5.tgz 0ms (cache hit)
250 http cache postcss-value-parser@https://registry.npmjs.org/postcss-value-parser/-/postcss-value-parser-4.2.0.tgz 0ms (cache hit)
251 http cache postcss@https://registry.npmjs.org/postcss/-/postcss-8.5.10.tgz 0ms (cache hit)
252 http cache picomatch@https://registry.npmjs.org/picomatch/-/picomatch-4.0.4.tgz 0ms (cache hit)
253 http cache path-to-regexp@https://registry.npmjs.org/path-to-regexp/-/path-to-regexp-0.1.13.tgz 0ms (cache hit)
254 http cache react@https://registry.npmjs.org/react/-/react-19.2.5.tgz 0ms (cache hit)
255 http cache p-retry@https://registry.npmjs.org/p-retry/-/p-retry-4.6.2.tgz 0ms (cache hit)
256 http cache on-finished@https://registry.npmjs.org/on-finished/-/on-finished-2.4.1.tgz 0ms (cache hit)
257 http cache node-releases@https://registry.npmjs.org/node-releases/-/node-releases-2.0.37.tgz 0ms (cache hit)
258 http cache object-inspect@https://registry.npmjs.org/object-inspect/-/object-inspect-1.13.4.tgz 0ms (cache hit)
259 http cache parseurl@https://registry.npmjs.org/parseurl/-/parseurl-1.3.3.tgz 0ms (cache hit)
260 http cache node-fetch@https://registry.npmjs.org/node-fetch/-/node-fetch-3.3.2.tgz 0ms (cache hit)
261 http cache negotiator@https://registry.npmjs.org/negotiator/-/negotiator-0.6.3.tgz 0ms (cache hit)
262 http cache nanoid@https://registry.npmjs.org/nanoid/-/nanoid-3.3.11.tgz 0ms (cache hit)
263 http cache node-domexception@https://registry.npmjs.org/node-domexception/-/node-domexception-1.0.0.tgz 0ms (cache hit)
264 http cache motion-utils@https://registry.npmjs.org/motion-utils/-/motion-utils-12.36.0.tgz 0ms (cache hit)
265 http cache motion-dom@https://registry.npmjs.org/motion-dom/-/motion-dom-12.38.0.tgz 0ms (cache hit)
266 http cache motion@https://registry.npmjs.org/motion/-/motion-12.38.0.tgz 0ms (cache hit)
267 http cache ms@https://registry.npmjs.org/ms/-/ms-2.1.3.tgz 0ms (cache hit)
268 http cache mime-types@https://registry.npmjs.org/mime-types/-/mime-types-2.1.35.tgz 0ms (cache hit)
269 http cache mime@https://registry.npmjs.org/mime/-/mime-1.6.0.tgz 0ms (cache hit)
270 http cache mime-db@https://registry.npmjs.org/mime-db/-/mime-db-1.52.0.tgz 0ms (cache hit)
271 http cache methods@https://registry.npmjs.org/methods/-/methods-1.1.2.tgz 0ms (cache hit)
272 http cache math-intrinsics@https://registry.npmjs.org/math-intrinsics/-/math-intrinsics-1.1.0.tgz 0ms (cache hit)
273 http cache merge-descriptors@https://registry.npmjs.org/merge-descriptors/-/merge-descriptors-1.0.3.tgz 0ms (cache hit)
274 http cache magic-string@https://registry.npmjs.org/magic-string/-/magic-string-0.30.21.tgz 0ms (cache hit)
275 http cache media-typer@https://registry.npmjs.org/media-typer/-/media-typer-0.3.0.tgz 0ms (cache hit)
276 http cache lucide-react@https://registry.npmjs.org/lucide-react/-/lucide-react-0.546.0.tgz 0ms (cache hit)
277 http cache lru-cache@https://registry.npmjs.org/lru-cache/-/lru-cache-5.1.1.tgz 0ms (cache hit)
278 http cache jws@https://registry.npmjs.org/jws/-/jws-4.0.1.tgz 0ms (cache hit)
279 http cache lightningcss-darwin-arm64@https://registry.npmjs.org/lightningcss-darwin-arm64/-/lightningcss-darwin-arm64-1.32.0.tgz 0ms (cache hit)
280 http cache long@https://registry.npmjs.org/long/-/long-5.3.2.tgz 0ms (cache hit)
281 http cache jwa@https://registry.npmjs.org/jwa/-/jwa-2.0.1.tgz 0ms (cache hit)
282 http cache lightningcss@https://registry.npmjs.org/lightningcss/-/lightningcss-1.32.0.tgz 0ms (cache hit)
283 http cache json5@https://registry.npmjs.org/json5/-/json5-2.2.3.tgz 0ms (cache hit)
284 http cache jsesc@https://registry.npmjs.org/jsesc/-/jsesc-3.1.0.tgz 0ms (cache hit)
285 http cache js-tokens@https://registry.npmjs.org/js-tokens/-/js-tokens-4.0.0.tgz 0ms (cache hit)
286 http cache json-bigint@https://registry.npmjs.org/json-bigint/-/json-bigint-1.0.0.tgz 0ms (cache hit)
287 http cache picocolors@https://registry.npmjs.org/picocolors/-/picocolors-1.1.1.tgz 0ms (cache hit)
288 http cache jiti@https://registry.npmjs.org/jiti/-/jiti-2.6.1.tgz 0ms (cache hit)
289 http cache https-proxy-agent@https://registry.npmjs.org/https-proxy-agent/-/https-proxy-agent-7.0.6.tgz 0ms (cache hit)
290 http cache ipaddr.js@https://registry.npmjs.org/ipaddr.js/-/ipaddr.js-1.9.1.tgz 0ms (cache hit)
291 http cache iconv-lite@https://registry.npmjs.org/iconv-lite/-/iconv-lite-0.4.24.tgz 0ms (cache hit)
292 http cache http-errors@https://registry.npmjs.org/http-errors/-/http-errors-2.0.1.tgz 0ms (cache hit)
293 http cache has-symbols@https://registry.npmjs.org/has-symbols/-/has-symbols-1.1.0.tgz 0ms (cache hit)
294 http cache hasown@https://registry.npmjs.org/hasown/-/hasown-2.0.3.tgz 0ms (cache hit)
295 http cache graceful-fs@https://registry.npmjs.org/graceful-fs/-/graceful-fs-4.2.11.tgz 0ms (cache hit)
296 http cache inherits@https://registry.npmjs.org/inherits/-/inherits-2.0.4.tgz 0ms (cache hit)
297 http cache google-logging-utils@https://registry.npmjs.org/google-logging-utils/-/google-logging-utils-1.1.3.tgz 0ms (cache hit)
298 http cache google-auth-library@https://registry.npmjs.org/google-auth-library/-/google-auth-library-10.6.2.tgz 0ms (cache hit)
299 http cache get-tsconfig@https://registry.npmjs.org/get-tsconfig/-/get-tsconfig-4.14.0.tgz 0ms (cache hit)
300 http cache get-proto@https://registry.npmjs.org/get-proto/-/get-proto-1.0.1.tgz 0ms (cache hit)
301 http cache get-intrinsic@https://registry.npmjs.org/get-intrinsic/-/get-intrinsic-1.3.0.tgz 0ms (cache hit)
302 http cache gensync@https://registry.npmjs.org/gensync/-/gensync-1.0.0-beta.2.tgz 0ms (cache hit)
303 http cache gcp-metadata@https://registry.npmjs.org/gcp-metadata/-/gcp-metadata-8.1.2.tgz 0ms (cache hit)
304 http cache gaxios@https://registry.npmjs.org/gaxios/-/gaxios-7.1.4.tgz 0ms (cache hit)
305 http cache gopd@https://registry.npmjs.org/gopd/-/gopd-1.2.0.tgz 0ms (cache hit)
306 http cache fsevents@https://registry.npmjs.org/fsevents/-/fsevents-2.3.3.tgz 0ms (cache hit)
307 http cache fresh@https://registry.npmjs.org/fresh/-/fresh-0.5.2.tgz 0ms (cache hit)
308 http cache framer-motion@https://registry.npmjs.org/framer-motion/-/framer-motion-12.38.0.tgz 0ms (cache hit)
309 http cache forwarded@https://registry.npmjs.org/forwarded/-/forwarded-0.2.0.tgz 0ms (cache hit)
310 http cache formdata-polyfill@https://registry.npmjs.org/formdata-polyfill/-/formdata-polyfill-4.0.10.tgz 0ms (cache hit)
311 http cache fraction.js@https://registry.npmjs.org/fraction.js/-/fraction.js-5.3.4.tgz 0ms (cache hit)
312 http cache function-bind@https://registry.npmjs.org/function-bind/-/function-bind-1.1.2.tgz 0ms (cache hit)
313 http cache fdir@https://registry.npmjs.org/fdir/-/fdir-6.5.0.tgz 0ms (cache hit)
314 http cache finalhandler@https://registry.npmjs.org/finalhandler/-/finalhandler-1.3.2.tgz 0ms (cache hit)
315 http cache fetch-blob@https://registry.npmjs.org/fetch-blob/-/fetch-blob-3.2.0.tgz 0ms (cache hit)
316 http cache express@https://registry.npmjs.org/express/-/express-4.22.1.tgz 0ms (cache hit)
317 http cache etag@https://registry.npmjs.org/etag/-/etag-1.8.1.tgz 0ms (cache hit)
318 http cache escalade@https://registry.npmjs.org/escalade/-/escalade-3.2.0.tgz 0ms (cache hit)
319 http cache escape-html@https://registry.npmjs.org/escape-html/-/escape-html-1.0.3.tgz 0ms (cache hit)
320 http cache esbuild@https://registry.npmjs.org/esbuild/-/esbuild-0.27.7.tgz 0ms (cache hit)
321 http cache es-object-atoms@https://registry.npmjs.org/es-object-atoms/-/es-object-atoms-1.1.1.tgz 0ms (cache hit)
322 http cache es-errors@https://registry.npmjs.org/es-errors/-/es-errors-1.3.0.tgz 0ms (cache hit)
323 http cache es-define-property@https://registry.npmjs.org/es-define-property/-/es-define-property-1.0.1.tgz 0ms (cache hit)
324 http cache extend@https://registry.npmjs.org/extend/-/extend-3.0.2.tgz 0ms (cache hit)
325 http cache enhanced-resolve@https://registry.npmjs.org/enhanced-resolve/-/enhanced-resolve-5.20.1.tgz 0ms (cache hit)
326 http cache encodeurl@https://registry.npmjs.org/encodeurl/-/encodeurl-2.0.0.tgz 0ms (cache hit)
327 http cache electron-to-chromium@https://registry.npmjs.org/electron-to-chromium/-/electron-to-chromium-1.5.340.tgz 0ms (cache hit)
328 http cache ecdsa-sig-formatter@https://registry.npmjs.org/ecdsa-sig-formatter/-/ecdsa-sig-formatter-1.0.11.tgz 0ms (cache hit)
329 http cache dunder-proto@https://registry.npmjs.org/dunder-proto/-/dunder-proto-1.0.1.tgz 0ms (cache hit)
330 http cache dotenv@https://registry.npmjs.org/dotenv/-/dotenv-17.4.2.tgz 0ms (cache hit)
331 http cache detect-libc@https://registry.npmjs.org/detect-libc/-/detect-libc-2.1.2.tgz 0ms (cache hit)
332 http cache destroy@https://registry.npmjs.org/destroy/-/destroy-1.2.0.tgz 0ms (cache hit)
333 http cache depd@https://registry.npmjs.org/depd/-/depd-2.0.0.tgz 0ms (cache hit)
334 http cache ee-first@https://registry.npmjs.org/ee-first/-/ee-first-1.1.1.tgz 0ms (cache hit)
335 http cache debug@https://registry.npmjs.org/debug/-/debug-4.4.3.tgz 0ms (cache hit)
336 http cache cookie-signature@https://registry.npmjs.org/cookie-signature/-/cookie-signature-1.0.7.tgz 0ms (cache hit)
337 http cache data-uri-to-buffer@https://registry.npmjs.org/data-uri-to-buffer/-/data-uri-to-buffer-4.0.1.tgz 0ms (cache hit)
338 http cache cookie@https://registry.npmjs.org/cookie/-/cookie-0.7.2.tgz 0ms (cache hit)
339 http cache content-disposition@https://registry.npmjs.org/content-disposition/-/content-disposition-0.5.4.tgz 0ms (cache hit)
340 http cache caniuse-lite@https://registry.npmjs.org/caniuse-lite/-/caniuse-lite-1.0.30001788.tgz 0ms (cache hit)
341 http cache content-type@https://registry.npmjs.org/content-type/-/content-type-1.0.5.tgz 0ms (cache hit)
342 http cache convert-source-map@https://registry.npmjs.org/convert-source-map/-/convert-source-map-2.0.0.tgz 0ms (cache hit)
343 http cache call-bound@https://registry.npmjs.org/call-bound/-/call-bound-1.0.4.tgz 0ms (cache hit)
344 http cache bytes@https://registry.npmjs.org/bytes/-/bytes-3.1.2.tgz 0ms (cache hit)
345 http cache call-bind-apply-helpers@https://registry.npmjs.org/call-bind-apply-helpers/-/call-bind-apply-helpers-1.0.2.tgz 0ms (cache hit)
346 http cache browserslist@https://registry.npmjs.org/browserslist/-/browserslist-4.28.2.tgz 0ms (cache hit)
347 http cache body-parser@https://registry.npmjs.org/body-parser/-/body-parser-1.20.4.tgz 0ms (cache hit)
348 http cache bignumber.js@https://registry.npmjs.org/bignumber.js/-/bignumber.js-9.3.1.tgz 0ms (cache hit)
349 http cache baseline-browser-mapping@https://registry.npmjs.org/baseline-browser-mapping/-/baseline-browser-mapping-2.10.20.tgz 0ms (cache hit)
350 http cache buffer-equal-constant-time@https://registry.npmjs.org/buffer-equal-constant-time/-/buffer-equal-constant-time-1.0.1.tgz 0ms (cache hit)
351 http cache autoprefixer@https://registry.npmjs.org/autoprefixer/-/autoprefixer-10.5.0.tgz 0ms (cache hit)
352 http cache array-flatten@https://registry.npmjs.org/array-flatten/-/array-flatten-1.1.1.tgz 0ms (cache hit)
353 http cache base64-js@https://registry.npmjs.org/base64-js/-/base64-js-1.5.1.tgz 0ms (cache hit)
354 http cache @vitejs/plugin-react@https://registry.npmjs.org/@vitejs/plugin-react/-/plugin-react-5.2.0.tgz 0ms (cache hit)
355 http cache accepts@https://registry.npmjs.org/accepts/-/accepts-1.3.8.tgz 0ms (cache hit)
356 http cache @types/serve-static@https://registry.npmjs.org/@types/serve-static/-/serve-static-1.15.10.tgz 0ms (cache hit)
357 http cache @types/send@https://registry.npmjs.org/@types/send/-/send-1.2.1.tgz 0ms (cache hit)
358 http cache @types/range-parser@https://registry.npmjs.org/@types/range-parser/-/range-parser-1.2.7.tgz 0ms (cache hit)
359 http cache agent-base@https://registry.npmjs.org/agent-base/-/agent-base-7.1.4.tgz 0ms (cache hit)
360 http cache @types/node@https://registry.npmjs.org/@types/node/-/node-22.19.17.tgz 0ms (cache hit)
361 http cache @types/retry@https://registry.npmjs.org/@types/retry/-/retry-0.12.0.tgz 0ms (cache hit)
362 http cache @types/qs@https://registry.npmjs.org/@types/qs/-/qs-6.15.0.tgz 0ms (cache hit)
363 http cache @types/express-serve-static-core@https://registry.npmjs.org/@types/express-serve-static-core/-/express-serve-static-core-4.19.8.tgz 0ms (cache hit)
364 http cache @types/express@https://registry.npmjs.org/@types/express/-/express-4.17.25.tgz 0ms (cache hit)
365 http cache @types/body-parser@https://registry.npmjs.org/@types/body-parser/-/body-parser-1.19.6.tgz 0ms (cache hit)
366 http cache @types/mime@https://registry.npmjs.org/@types/mime/-/mime-1.3.5.tgz 0ms (cache hit)
367 http cache @types/connect@https://registry.npmjs.org/@types/connect/-/connect-3.4.38.tgz 0ms (cache hit)
368 http cache @types/babel__traverse@https://registry.npmjs.org/@types/babel__traverse/-/babel__traverse-7.28.0.tgz 0ms (cache hit)
369 http cache @types/estree@https://registry.npmjs.org/@types/estree/-/estree-1.0.8.tgz 0ms (cache hit)
370 http cache @tailwindcss/vite@https://registry.npmjs.org/@tailwindcss/vite/-/vite-4.2.3.tgz 0ms (cache hit)
371 http cache @types/http-errors@https://registry.npmjs.org/@types/http-errors/-/http-errors-2.0.5.tgz 0ms (cache hit)
372 http cache @types/babel__generator@https://registry.npmjs.org/@types/babel__generator/-/babel__generator-7.27.0.tgz 0ms (cache hit)
373 http cache @tailwindcss/oxide-darwin-arm64@https://registry.npmjs.org/@tailwindcss/oxide-darwin-arm64/-/oxide-darwin-arm64-4.2.3.tgz 0ms (cache hit)
374 http cache @types/babel__template@https://registry.npmjs.org/@types/babel__template/-/babel__template-7.4.4.tgz 0ms (cache hit)
375 http cache @types/babel__core@https://registry.npmjs.org/@types/babel__core/-/babel__core-7.20.5.tgz 0ms (cache hit)
376 http cache @rollup/rollup-darwin-arm64@https://registry.npmjs.org/@rollup/rollup-darwin-arm64/-/rollup-darwin-arm64-4.60.2.tgz 0ms (cache hit)
377 http cache @tailwindcss/node@https://registry.npmjs.org/@tailwindcss/node/-/node-4.2.3.tgz 0ms (cache hit)
378 http cache @rolldown/pluginutils@https://registry.npmjs.org/@rolldown/pluginutils/-/pluginutils-1.0.0-rc.3.tgz 0ms (cache hit)
379 http cache @protobufjs/utf8@https://registry.npmjs.org/@protobufjs/utf8/-/utf8-1.1.0.tgz 0ms (cache hit)
380 http cache @protobufjs/pool@https://registry.npmjs.org/@protobufjs/pool/-/pool-1.1.0.tgz 0ms (cache hit)
381 http cache @protobufjs/inquire@https://registry.npmjs.org/@protobufjs/inquire/-/inquire-1.1.0.tgz 0ms (cache hit)
382 http cache @protobufjs/path@https://registry.npmjs.org/@protobufjs/path/-/path-1.1.2.tgz 0ms (cache hit)
383 http cache @tailwindcss/oxide@https://registry.npmjs.org/@tailwindcss/oxide/-/oxide-4.2.3.tgz 0ms (cache hit)
384 http cache @protobufjs/fetch@https://registry.npmjs.org/@protobufjs/fetch/-/fetch-1.1.0.tgz 0ms (cache hit)
385 http cache @protobufjs/base64@https://registry.npmjs.org/@protobufjs/base64/-/base64-1.1.2.tgz 0ms (cache hit)
386 http cache @protobufjs/float@https://registry.npmjs.org/@protobufjs/float/-/float-1.0.2.tgz 0ms (cache hit)
387 http cache @protobufjs/eventemitter@https://registry.npmjs.org/@protobufjs/eventemitter/-/eventemitter-1.1.0.tgz 0ms (cache hit)
388 http cache @protobufjs/codegen@https://registry.npmjs.org/@protobufjs/codegen/-/codegen-2.0.4.tgz 0ms (cache hit)
389 http cache @jridgewell/sourcemap-codec@https://registry.npmjs.org/@jridgewell/sourcemap-codec/-/sourcemap-codec-1.5.5.tgz 0ms (cache hit)
390 http cache @jridgewell/trace-mapping@https://registry.npmjs.org/@jridgewell/trace-mapping/-/trace-mapping-0.3.31.tgz 0ms (cache hit)
391 http cache @protobufjs/aspromise@https://registry.npmjs.org/@protobufjs/aspromise/-/aspromise-1.1.2.tgz 0ms (cache hit)
392 http cache @jridgewell/resolve-uri@https://registry.npmjs.org/@jridgewell/resolve-uri/-/resolve-uri-3.1.2.tgz 0ms (cache hit)
393 http cache @jridgewell/remapping@https://registry.npmjs.org/@jridgewell/remapping/-/remapping-2.3.5.tgz 0ms (cache hit)
394 http cache @google/genai@https://registry.npmjs.org/@google/genai/-/genai-1.50.1.tgz 0ms (cache hit)
395 http cache @babel/traverse@https://registry.npmjs.org/@babel/traverse/-/traverse-7.29.0.tgz 0ms (cache hit)
396 http cache @babel/template@https://registry.npmjs.org/@babel/template/-/template-7.28.6.tgz 0ms (cache hit)
397 http cache @esbuild/darwin-arm64@https://registry.npmjs.org/@esbuild/darwin-arm64/-/darwin-arm64-0.27.7.tgz 0ms (cache hit)
398 http cache @jridgewell/gen-mapping@https://registry.npmjs.org/@jridgewell/gen-mapping/-/gen-mapping-0.3.13.tgz 0ms (cache hit)
399 http cache @babel/types@https://registry.npmjs.org/@babel/types/-/types-7.29.0.tgz 0ms (cache hit)
400 http cache @babel/plugin-transform-react-jsx-source@https://registry.npmjs.org/@babel/plugin-transform-react-jsx-source/-/plugin-transform-react-jsx-source-7.27.1.tgz 0ms (cache hit)
401 http cache @babel/helpers@https://registry.npmjs.org/@babel/helpers/-/helpers-7.29.2.tgz 0ms (cache hit)
402 http cache @babel/helper-validator-option@https://registry.npmjs.org/@babel/helper-validator-option/-/helper-validator-option-7.27.1.tgz 0ms (cache hit)
403 http cache @babel/plugin-transform-react-jsx-self@https://registry.npmjs.org/@babel/plugin-transform-react-jsx-self/-/plugin-transform-react-jsx-self-7.27.1.tgz 0ms (cache hit)
404 http cache @babel/parser@https://registry.npmjs.org/@babel/parser/-/parser-7.29.2.tgz 0ms (cache hit)
405 http cache @babel/helper-validator-identifier@https://registry.npmjs.org/@babel/helper-validator-identifier/-/helper-validator-identifier-7.28.5.tgz 0ms (cache hit)
406 http cache @babel/helper-module-transforms@https://registry.npmjs.org/@babel/helper-module-transforms/-/helper-module-transforms-7.28.6.tgz 0ms (cache hit)
407 http cache @babel/helper-string-parser@https://registry.npmjs.org/@babel/helper-string-parser/-/helper-string-parser-7.27.1.tgz 0ms (cache hit)
408 http cache @babel/helper-plugin-utils@https://registry.npmjs.org/@babel/helper-plugin-utils/-/helper-plugin-utils-7.28.6.tgz 0ms (cache hit)
409 http cache @babel/helper-globals@https://registry.npmjs.org/@babel/helper-globals/-/helper-globals-7.28.0.tgz 0ms (cache hit)
410 http cache @babel/helper-compilation-targets@https://registry.npmjs.org/@babel/helper-compilation-targets/-/helper-compilation-targets-7.28.6.tgz 0ms (cache hit)
411 http cache @babel/helper-module-imports@https://registry.npmjs.org/@babel/helper-module-imports/-/helper-module-imports-7.28.6.tgz 0ms (cache hit)
412 http cache @babel/core@https://registry.npmjs.org/@babel/core/-/core-7.29.0.tgz 0ms (cache hit)
413 http cache @babel/code-frame@https://registry.npmjs.org/@babel/code-frame/-/code-frame-7.29.0.tgz 0ms (cache hit)
414 http cache @babel/generator@https://registry.npmjs.org/@babel/generator/-/generator-7.29.1.tgz 0ms (cache hit)
415 http cache esbuild@https://registry.npmjs.org/esbuild/-/esbuild-0.25.12.tgz 0ms (cache hit)
416 http cache @esbuild/darwin-arm64@https://registry.npmjs.org/@esbuild/darwin-arm64/-/darwin-arm64-0.25.12.tgz 0ms (cache hit)
417 http cache @babel/compat-data@https://registry.npmjs.org/@babel/compat-data/-/compat-data-7.29.0.tgz 0ms (cache hit)
418 http cache debug@https://registry.npmjs.org/debug/-/debug-2.6.9.tgz 0ms (cache hit)
419 http cache ms@https://registry.npmjs.org/ms/-/ms-2.0.0.tgz 0ms (cache hit)
420 http cache debug@https://registry.npmjs.org/debug/-/debug-2.6.9.tgz 0ms (cache hit)
421 http cache ms@https://registry.npmjs.org/ms/-/ms-2.0.0.tgz 0ms (cache hit)
422 http cache debug@https://registry.npmjs.org/debug/-/debug-2.6.9.tgz 0ms (cache hit)
423 http cache ms@https://registry.npmjs.org/ms/-/ms-2.0.0.tgz 0ms (cache hit)
424 http cache debug@https://registry.npmjs.org/debug/-/debug-2.6.9.tgz 0ms (cache hit)
425 http cache @types/send@https://registry.npmjs.org/@types/send/-/send-0.17.6.tgz 0ms (cache hit)
426 http cache ms@https://registry.npmjs.org/ms/-/ms-2.0.0.tgz 0ms (cache hit)
427 silly tarball no local data for ws@https://registry.npmjs.org/ws/-/ws-8.20.0.tgz. Extracting by manifest.
428 silly tarball no local data for web-streams-polyfill@https://registry.npmjs.org/web-streams-polyfill/-/web-streams-polyfill-3.3.3.tgz. Extracting by manifest.
429 silly tarball no local data for yallist@https://registry.npmjs.org/yallist/-/yallist-3.1.1.tgz. Extracting by manifest.
430 silly tarball no local data for vite@https://registry.npmjs.org/vite/-/vite-6.4.2.tgz. Extracting by manifest.
431 silly tarball no local data for utils-merge@https://registry.npmjs.org/utils-merge/-/utils-merge-1.0.1.tgz. Extracting by manifest.
432 silly tarball no local data for vary@https://registry.npmjs.org/vary/-/vary-1.1.2.tgz. Extracting by manifest.
433 silly tarball no local data for update-browserslist-db@https://registry.npmjs.org/update-browserslist-db/-/update-browserslist-db-1.2.3.tgz. Extracting by manifest.
434 silly tarball no local data for unpipe@https://registry.npmjs.org/unpipe/-/unpipe-1.0.0.tgz. Extracting by manifest.
435 silly tarball no local data for type-is@https://registry.npmjs.org/type-is/-/type-is-1.6.18.tgz. Extracting by manifest.
436 silly tarball no local data for undici-types@https://registry.npmjs.org/undici-types/-/undici-types-6.21.0.tgz. Extracting by manifest.
437 silly tarball no local data for typescript@https://registry.npmjs.org/typescript/-/typescript-5.8.3.tgz. Extracting by manifest.
438 silly tarball no local data for tslib@https://registry.npmjs.org/tslib/-/tslib-2.8.1.tgz. Extracting by manifest.
439 silly tarball no local data for tsx@https://registry.npmjs.org/tsx/-/tsx-4.21.0.tgz. Extracting by manifest.
440 silly tarball no local data for toidentifier@https://registry.npmjs.org/toidentifier/-/toidentifier-1.0.1.tgz. Extracting by manifest.
441 silly tarball no local data for tinyglobby@https://registry.npmjs.org/tinyglobby/-/tinyglobby-0.2.16.tgz. Extracting by manifest.
442 silly tarball no local data for tapable@https://registry.npmjs.org/tapable/-/tapable-2.3.2.tgz. Extracting by manifest.
443 silly tarball no local data for statuses@https://registry.npmjs.org/statuses/-/statuses-2.0.2.tgz. Extracting by manifest.
444 silly tarball no local data for tailwindcss@https://registry.npmjs.org/tailwindcss/-/tailwindcss-4.2.3.tgz. Extracting by manifest.
445 silly tarball no local data for source-map-js@https://registry.npmjs.org/source-map-js/-/source-map-js-1.2.1.tgz. Extracting by manifest.
446 silly tarball no local data for side-channel-weakmap@https://registry.npmjs.org/side-channel-weakmap/-/side-channel-weakmap-1.0.2.tgz. Extracting by manifest.
447 silly tarball no local data for side-channel-map@https://registry.npmjs.org/side-channel-map/-/side-channel-map-1.0.1.tgz. Extracting by manifest.
448 silly tarball no local data for side-channel-list@https://registry.npmjs.org/side-channel-list/-/side-channel-list-1.0.1.tgz. Extracting by manifest.
449 silly tarball no local data for setprototypeof@https://registry.npmjs.org/setprototypeof/-/setprototypeof-1.2.0.tgz. Extracting by manifest.
450 silly tarball no local data for serve-static@https://registry.npmjs.org/serve-static/-/serve-static-1.16.3.tgz. Extracting by manifest.
451 silly tarball no local data for side-channel@https://registry.npmjs.org/side-channel/-/side-channel-1.1.0.tgz. Extracting by manifest.
452 silly tarball no local data for semver@https://registry.npmjs.org/semver/-/semver-6.3.1.tgz. Extracting by manifest.
453 silly tarball no local data for send@https://registry.npmjs.org/send/-/send-0.19.2.tgz. Extracting by manifest.
454 silly tarball no local data for scheduler@https://registry.npmjs.org/scheduler/-/scheduler-0.27.0.tgz. Extracting by manifest.
455 silly tarball no local data for safer-buffer@https://registry.npmjs.org/safer-buffer/-/safer-buffer-2.1.2.tgz. Extracting by manifest.
456 silly tarball no local data for safe-buffer@https://registry.npmjs.org/safe-buffer/-/safe-buffer-5.2.1.tgz. Extracting by manifest.
457 silly tarball no local data for rollup@https://registry.npmjs.org/rollup/-/rollup-4.60.2.tgz. Extracting by manifest.
458 silly tarball no local data for retry@https://registry.npmjs.org/retry/-/retry-0.13.1.tgz. Extracting by manifest.
459 silly tarball no local data for resolve-pkg-maps@https://registry.npmjs.org/resolve-pkg-maps/-/resolve-pkg-maps-1.0.0.tgz. Extracting by manifest.
460 silly tarball no local data for react-dom@https://registry.npmjs.org/react-dom/-/react-dom-19.2.5.tgz. Extracting by manifest.
461 silly tarball no local data for react-refresh@https://registry.npmjs.org/react-refresh/-/react-refresh-0.18.0.tgz. Extracting by manifest.
462 silly tarball no local data for range-parser@https://registry.npmjs.org/range-parser/-/range-parser-1.2.1.tgz. Extracting by manifest.
463 silly tarball no local data for raw-body@https://registry.npmjs.org/raw-body/-/raw-body-2.5.3.tgz. Extracting by manifest.
464 silly tarball no local data for proxy-addr@https://registry.npmjs.org/proxy-addr/-/proxy-addr-2.0.7.tgz. Extracting by manifest.
465 silly tarball no local data for qs@https://registry.npmjs.org/qs/-/qs-6.14.2.tgz. Extracting by manifest.
466 silly tarball no local data for protobufjs@https://registry.npmjs.org/protobufjs/-/protobufjs-7.5.5.tgz. Extracting by manifest.
467 silly tarball no local data for postcss-value-parser@https://registry.npmjs.org/postcss-value-parser/-/postcss-value-parser-4.2.0.tgz. Extracting by manifest.
468 silly tarball no local data for postcss@https://registry.npmjs.org/postcss/-/postcss-8.5.10.tgz. Extracting by manifest.
469 silly tarball no local data for picomatch@https://registry.npmjs.org/picomatch/-/picomatch-4.0.4.tgz. Extracting by manifest.
470 silly tarball no local data for path-to-regexp@https://registry.npmjs.org/path-to-regexp/-/path-to-regexp-0.1.13.tgz. Extracting by manifest.
471 silly tarball no local data for react@https://registry.npmjs.org/react/-/react-19.2.5.tgz. Extracting by manifest.
472 silly tarball no local data for p-retry@https://registry.npmjs.org/p-retry/-/p-retry-4.6.2.tgz. Extracting by manifest.
473 silly tarball no local data for on-finished@https://registry.npmjs.org/on-finished/-/on-finished-2.4.1.tgz. Extracting by manifest.
474 silly tarball no local data for node-releases@https://registry.npmjs.org/node-releases/-/node-releases-2.0.37.tgz. Extracting by manifest.
475 silly tarball no local data for object-inspect@https://registry.npmjs.org/object-inspect/-/object-inspect-1.13.4.tgz. Extracting by manifest.
476 silly tarball no local data for parseurl@https://registry.npmjs.org/parseurl/-/parseurl-1.3.3.tgz. Extracting by manifest.
477 silly tarball no local data for node-fetch@https://registry.npmjs.org/node-fetch/-/node-fetch-3.3.2.tgz. Extracting by manifest.
478 silly tarball no local data for negotiator@https://registry.npmjs.org/negotiator/-/negotiator-0.6.3.tgz. Extracting by manifest.
479 silly tarball no local data for nanoid@https://registry.npmjs.org/nanoid/-/nanoid-3.3.11.tgz. Extracting by manifest.
480 silly tarball no local data for node-domexception@https://registry.npmjs.org/node-domexception/-/node-domexception-1.0.0.tgz. Extracting by manifest.
481 silly tarball no local data for motion-utils@https://registry.npmjs.org/motion-utils/-/motion-utils-12.36.0.tgz. Extracting by manifest.
482 silly tarball no local data for motion-dom@https://registry.npmjs.org/motion-dom/-/motion-dom-12.38.0.tgz. Extracting by manifest.
483 silly tarball no local data for motion@https://registry.npmjs.org/motion/-/motion-12.38.0.tgz. Extracting by manifest.
484 silly tarball no local data for ms@https://registry.npmjs.org/ms/-/ms-2.1.3.tgz. Extracting by manifest.
485 silly tarball no local data for mime-types@https://registry.npmjs.org/mime-types/-/mime-types-2.1.35.tgz. Extracting by manifest.
486 silly tarball no local data for mime@https://registry.npmjs.org/mime/-/mime-1.6.0.tgz. Extracting by manifest.
487 silly tarball no local data for mime-db@https://registry.npmjs.org/mime-db/-/mime-db-1.52.0.tgz. Extracting by manifest.
488 silly tarball no local data for methods@https://registry.npmjs.org/methods/-/methods-1.1.2.tgz. Extracting by manifest.
489 silly tarball no local data for math-intrinsics@https://registry.npmjs.org/math-intrinsics/-/math-intrinsics-1.1.0.tgz. Extracting by manifest.
490 silly tarball no local data for merge-descriptors@https://registry.npmjs.org/merge-descriptors/-/merge-descriptors-1.0.3.tgz. Extracting by manifest.
491 silly tarball no local data for magic-string@https://registry.npmjs.org/magic-string/-/magic-string-0.30.21.tgz. Extracting by manifest.
492 silly tarball no local data for media-typer@https://registry.npmjs.org/media-typer/-/media-typer-0.3.0.tgz. Extracting by manifest.
493 silly tarball no local data for lucide-react@https://registry.npmjs.org/lucide-react/-/lucide-react-0.546.0.tgz. Extracting by manifest.
494 silly tarball no local data for lru-cache@https://registry.npmjs.org/lru-cache/-/lru-cache-5.1.1.tgz. Extracting by manifest.
495 silly tarball no local data for jws@https://registry.npmjs.org/jws/-/jws-4.0.1.tgz. Extracting by manifest.
496 silly tarball no local data for lightningcss-darwin-arm64@https://registry.npmjs.org/lightningcss-darwin-arm64/-/lightningcss-darwin-arm64-1.32.0.tgz. Extracting by manifest.
497 silly tarball no local data for long@https://registry.npmjs.org/long/-/long-5.3.2.tgz. Extracting by manifest.
498 silly tarball no local data for jwa@https://registry.npmjs.org/jwa/-/jwa-2.0.1.tgz. Extracting by manifest.
499 silly tarball no local data for lightningcss@https://registry.npmjs.org/lightningcss/-/lightningcss-1.32.0.tgz. Extracting by manifest.
500 silly tarball no local data for json5@https://registry.npmjs.org/json5/-/json5-2.2.3.tgz. Extracting by manifest.
501 silly tarball no local data for jsesc@https://registry.npmjs.org/jsesc/-/jsesc-3.1.0.tgz. Extracting by manifest.
502 silly tarball no local data for js-tokens@https://registry.npmjs.org/js-tokens/-/js-tokens-4.0.0.tgz. Extracting by manifest.
503 silly tarball no local data for json-bigint@https://registry.npmjs.org/json-bigint/-/json-bigint-1.0.0.tgz. Extracting by manifest.
504 silly tarball no local data for picocolors@https://registry.npmjs.org/picocolors/-/picocolors-1.1.1.tgz. Extracting by manifest.
505 silly tarball no local data for jiti@https://registry.npmjs.org/jiti/-/jiti-2.6.1.tgz. Extracting by manifest.
506 silly tarball no local data for https-proxy-agent@https://registry.npmjs.org/https-proxy-agent/-/https-proxy-agent-7.0.6.tgz. Extracting by manifest.
507 silly tarball no local data for ipaddr.js@https://registry.npmjs.org/ipaddr.js/-/ipaddr.js-1.9.1.tgz. Extracting by manifest.
508 silly tarball no local data for iconv-lite@https://registry.npmjs.org/iconv-lite/-/iconv-lite-0.4.24.tgz. Extracting by manifest.
509 silly tarball no local data for http-errors@https://registry.npmjs.org/http-errors/-/http-errors-2.0.1.tgz. Extracting by manifest.
510 silly tarball no local data for has-symbols@https://registry.npmjs.org/has-symbols/-/has-symbols-1.1.0.tgz. Extracting by manifest.
511 silly tarball no local data for hasown@https://registry.npmjs.org/hasown/-/hasown-2.0.3.tgz. Extracting by manifest.
512 silly tarball no local data for graceful-fs@https://registry.npmjs.org/graceful-fs/-/graceful-fs-4.2.11.tgz. Extracting by manifest.
513 silly tarball no local data for inherits@https://registry.npmjs.org/inherits/-/inherits-2.0.4.tgz. Extracting by manifest.
514 silly tarball no local data for google-logging-utils@https://registry.npmjs.org/google-logging-utils/-/google-logging-utils-1.1.3.tgz. Extracting by manifest.
515 silly tarball no local data for google-auth-library@https://registry.npmjs.org/google-auth-library/-/google-auth-library-10.6.2.tgz. Extracting by manifest.
516 silly tarball no local data for get-tsconfig@https://registry.npmjs.org/get-tsconfig/-/get-tsconfig-4.14.0.tgz. Extracting by manifest.
517 silly tarball no local data for get-proto@https://registry.npmjs.org/get-proto/-/get-proto-1.0.1.tgz. Extracting by manifest.
518 silly tarball no local data for get-intrinsic@https://registry.npmjs.org/get-intrinsic/-/get-intrinsic-1.3.0.tgz. Extracting by manifest.
519 silly tarball no local data for gensync@https://registry.npmjs.org/gensync/-/gensync-1.0.0-beta.2.tgz. Extracting by manifest.
520 silly tarball no local data for gcp-metadata@https://registry.npmjs.org/gcp-metadata/-/gcp-metadata-8.1.2.tgz. Extracting by manifest.
521 silly tarball no local data for gaxios@https://registry.npmjs.org/gaxios/-/gaxios-7.1.4.tgz. Extracting by manifest.
522 silly tarball no local data for gopd@https://registry.npmjs.org/gopd/-/gopd-1.2.0.tgz. Extracting by manifest.
523 silly tarball no local data for fsevents@https://registry.npmjs.org/fsevents/-/fsevents-2.3.3.tgz. Extracting by manifest.
524 silly tarball no local data for fresh@https://registry.npmjs.org/fresh/-/fresh-0.5.2.tgz. Extracting by manifest.
525 silly tarball no local data for framer-motion@https://registry.npmjs.org/framer-motion/-/framer-motion-12.38.0.tgz. Extracting by manifest.
526 silly tarball no local data for forwarded@https://registry.npmjs.org/forwarded/-/forwarded-0.2.0.tgz. Extracting by manifest.
527 silly tarball no local data for formdata-polyfill@https://registry.npmjs.org/formdata-polyfill/-/formdata-polyfill-4.0.10.tgz. Extracting by manifest.
528 silly tarball no local data for fraction.js@https://registry.npmjs.org/fraction.js/-/fraction.js-5.3.4.tgz. Extracting by manifest.
529 silly tarball no local data for function-bind@https://registry.npmjs.org/function-bind/-/function-bind-1.1.2.tgz. Extracting by manifest.
530 silly tarball no local data for fdir@https://registry.npmjs.org/fdir/-/fdir-6.5.0.tgz. Extracting by manifest.
531 silly tarball no local data for finalhandler@https://registry.npmjs.org/finalhandler/-/finalhandler-1.3.2.tgz. Extracting by manifest.
532 silly tarball no local data for fetch-blob@https://registry.npmjs.org/fetch-blob/-/fetch-blob-3.2.0.tgz. Extracting by manifest.
533 silly tarball no local data for express@https://registry.npmjs.org/express/-/express-4.22.1.tgz. Extracting by manifest.
534 silly tarball no local data for etag@https://registry.npmjs.org/etag/-/etag-1.8.1.tgz. Extracting by manifest.
535 silly tarball no local data for escalade@https://registry.npmjs.org/escalade/-/escalade-3.2.0.tgz. Extracting by manifest.
536 silly tarball no local data for escape-html@https://registry.npmjs.org/escape-html/-/escape-html-1.0.3.tgz. Extracting by manifest.
537 silly tarball no local data for esbuild@https://registry.npmjs.org/esbuild/-/esbuild-0.27.7.tgz. Extracting by manifest.
538 silly tarball no local data for es-object-atoms@https://registry.npmjs.org/es-object-atoms/-/es-object-atoms-1.1.1.tgz. Extracting by manifest.
539 silly tarball no local data for es-errors@https://registry.npmjs.org/es-errors/-/es-errors-1.3.0.tgz. Extracting by manifest.
540 silly tarball no local data for es-define-property@https://registry.npmjs.org/es-define-property/-/es-define-property-1.0.1.tgz. Extracting by manifest.
541 silly tarball no local data for extend@https://registry.npmjs.org/extend/-/extend-3.0.2.tgz. Extracting by manifest.
542 silly tarball no local data for enhanced-resolve@https://registry.npmjs.org/enhanced-resolve/-/enhanced-resolve-5.20.1.tgz. Extracting by manifest.
543 silly tarball no local data for encodeurl@https://registry.npmjs.org/encodeurl/-/encodeurl-2.0.0.tgz. Extracting by manifest.
544 silly tarball no local data for electron-to-chromium@https://registry.npmjs.org/electron-to-chromium/-/electron-to-chromium-1.5.340.tgz. Extracting by manifest.
545 silly tarball no local data for ecdsa-sig-formatter@https://registry.npmjs.org/ecdsa-sig-formatter/-/ecdsa-sig-formatter-1.0.11.tgz. Extracting by manifest.
546 silly tarball no local data for dunder-proto@https://registry.npmjs.org/dunder-proto/-/dunder-proto-1.0.1.tgz. Extracting by manifest.
547 silly tarball no local data for dotenv@https://registry.npmjs.org/dotenv/-/dotenv-17.4.2.tgz. Extracting by manifest.
548 silly tarball no local data for detect-libc@https://registry.npmjs.org/detect-libc/-/detect-libc-2.1.2.tgz. Extracting by manifest.
549 silly tarball no local data for destroy@https://registry.npmjs.org/destroy/-/destroy-1.2.0.tgz. Extracting by manifest.
550 silly tarball no local data for depd@https://registry.npmjs.org/depd/-/depd-2.0.0.tgz. Extracting by manifest.
551 silly tarball no local data for ee-first@https://registry.npmjs.org/ee-first/-/ee-first-1.1.1.tgz. Extracting by manifest.
552 silly tarball no local data for debug@https://registry.npmjs.org/debug/-/debug-4.4.3.tgz. Extracting by manifest.
553 silly tarball no local data for cookie-signature@https://registry.npmjs.org/cookie-signature/-/cookie-signature-1.0.7.tgz. Extracting by manifest.
554 silly tarball no local data for data-uri-to-buffer@https://registry.npmjs.org/data-uri-to-buffer/-/data-uri-to-buffer-4.0.1.tgz. Extracting by manifest.
555 silly tarball no local data for cookie@https://registry.npmjs.org/cookie/-/cookie-0.7.2.tgz. Extracting by manifest.
556 silly tarball no local data for content-disposition@https://registry.npmjs.org/content-disposition/-/content-disposition-0.5.4.tgz. Extracting by manifest.
557 silly tarball no local data for caniuse-lite@https://registry.npmjs.org/caniuse-lite/-/caniuse-lite-1.0.30001788.tgz. Extracting by manifest.
558 silly tarball no local data for content-type@https://registry.npmjs.org/content-type/-/content-type-1.0.5.tgz. Extracting by manifest.
559 silly tarball no local data for convert-source-map@https://registry.npmjs.org/convert-source-map/-/convert-source-map-2.0.0.tgz. Extracting by manifest.
560 silly tarball no local data for call-bound@https://registry.npmjs.org/call-bound/-/call-bound-1.0.4.tgz. Extracting by manifest.
561 silly tarball no local data for bytes@https://registry.npmjs.org/bytes/-/bytes-3.1.2.tgz. Extracting by manifest.
562 silly tarball no local data for call-bind-apply-helpers@https://registry.npmjs.org/call-bind-apply-helpers/-/call-bind-apply-helpers-1.0.2.tgz. Extracting by manifest.
563 silly tarball no local data for browserslist@https://registry.npmjs.org/browserslist/-/browserslist-4.28.2.tgz. Extracting by manifest.
564 silly tarball no local data for body-parser@https://registry.npmjs.org/body-parser/-/body-parser-1.20.4.tgz. Extracting by manifest.
565 silly tarball no local data for bignumber.js@https://registry.npmjs.org/bignumber.js/-/bignumber.js-9.3.1.tgz. Extracting by manifest.
566 silly tarball no local data for baseline-browser-mapping@https://registry.npmjs.org/baseline-browser-mapping/-/baseline-browser-mapping-2.10.20.tgz. Extracting by manifest.
567 silly tarball no local data for buffer-equal-constant-time@https://registry.npmjs.org/buffer-equal-constant-time/-/buffer-equal-constant-time-1.0.1.tgz. Extracting by manifest.
568 silly tarball no local data for autoprefixer@https://registry.npmjs.org/autoprefixer/-/autoprefixer-10.5.0.tgz. Extracting by manifest.
569 silly tarball no local data for array-flatten@https://registry.npmjs.org/array-flatten/-/array-flatten-1.1.1.tgz. Extracting by manifest.
570 silly tarball no local data for base64-js@https://registry.npmjs.org/base64-js/-/base64-js-1.5.1.tgz. Extracting by manifest.
571 silly tarball no local data for @vitejs/plugin-react@https://registry.npmjs.org/@vitejs/plugin-react/-/plugin-react-5.2.0.tgz. Extracting by manifest.
572 silly tarball no local data for accepts@https://registry.npmjs.org/accepts/-/accepts-1.3.8.tgz. Extracting by manifest.
573 silly tarball no local data for @types/serve-static@https://registry.npmjs.org/@types/serve-static/-/serve-static-1.15.10.tgz. Extracting by manifest.
574 silly tarball no local data for @types/send@https://registry.npmjs.org/@types/send/-/send-1.2.1.tgz. Extracting by manifest.
575 silly tarball no local data for @types/range-parser@https://registry.npmjs.org/@types/range-parser/-/range-parser-1.2.7.tgz. Extracting by manifest.
576 silly tarball no local data for agent-base@https://registry.npmjs.org/agent-base/-/agent-base-7.1.4.tgz. Extracting by manifest.
577 silly tarball no local data for @types/node@https://registry.npmjs.org/@types/node/-/node-22.19.17.tgz. Extracting by manifest.
578 silly tarball no local data for @types/retry@https://registry.npmjs.org/@types/retry/-/retry-0.12.0.tgz. Extracting by manifest.
579 silly tarball no local data for @types/qs@https://registry.npmjs.org/@types/qs/-/qs-6.15.0.tgz. Extracting by manifest.
580 silly tarball no local data for @types/express-serve-static-core@https://registry.npmjs.org/@types/express-serve-static-core/-/express-serve-static-core-4.19.8.tgz. Extracting by manifest.
581 silly tarball no local data for @types/express@https://registry.npmjs.org/@types/express/-/express-4.17.25.tgz. Extracting by manifest.
582 silly tarball no local data for @types/body-parser@https://registry.npmjs.org/@types/body-parser/-/body-parser-1.19.6.tgz. Extracting by manifest.
583 silly tarball no local data for @types/mime@https://registry.npmjs.org/@types/mime/-/mime-1.3.5.tgz. Extracting by manifest.
584 silly tarball no local data for @types/connect@https://registry.npmjs.org/@types/connect/-/connect-3.4.38.tgz. Extracting by manifest.
585 silly tarball no local data for @types/babel__traverse@https://registry.npmjs.org/@types/babel__traverse/-/babel__traverse-7.28.0.tgz. Extracting by manifest.
586 silly tarball no local data for @types/estree@https://registry.npmjs.org/@types/estree/-/estree-1.0.8.tgz. Extracting by manifest.
587 silly tarball no local data for @tailwindcss/vite@https://registry.npmjs.org/@tailwindcss/vite/-/vite-4.2.3.tgz. Extracting by manifest.
588 silly tarball no local data for @types/http-errors@https://registry.npmjs.org/@types/http-errors/-/http-errors-2.0.5.tgz. Extracting by manifest.
589 silly tarball no local data for @types/babel__generator@https://registry.npmjs.org/@types/babel__generator/-/babel__generator-7.27.0.tgz. Extracting by manifest.
590 silly tarball no local data for @tailwindcss/oxide-darwin-arm64@https://registry.npmjs.org/@tailwindcss/oxide-darwin-arm64/-/oxide-darwin-arm64-4.2.3.tgz. Extracting by manifest.
591 silly tarball no local data for @types/babel__template@https://registry.npmjs.org/@types/babel__template/-/babel__template-7.4.4.tgz. Extracting by manifest.
592 silly tarball no local data for @types/babel__core@https://registry.npmjs.org/@types/babel__core/-/babel__core-7.20.5.tgz. Extracting by manifest.
593 silly tarball no local data for @rollup/rollup-darwin-arm64@https://registry.npmjs.org/@rollup/rollup-darwin-arm64/-/rollup-darwin-arm64-4.60.2.tgz. Extracting by manifest.
594 silly tarball no local data for @tailwindcss/node@https://registry.npmjs.org/@tailwindcss/node/-/node-4.2.3.tgz. Extracting by manifest.
595 silly tarball no local data for @rolldown/pluginutils@https://registry.npmjs.org/@rolldown/pluginutils/-/pluginutils-1.0.0-rc.3.tgz. Extracting by manifest.
596 silly tarball no local data for @protobufjs/utf8@https://registry.npmjs.org/@protobufjs/utf8/-/utf8-1.1.0.tgz. Extracting by manifest.
597 silly tarball no local data for @protobufjs/pool@https://registry.npmjs.org/@protobufjs/pool/-/pool-1.1.0.tgz. Extracting by manifest.
598 silly tarball no local data for @protobufjs/inquire@https://registry.npmjs.org/@protobufjs/inquire/-/inquire-1.1.0.tgz. Extracting by manifest.
599 silly tarball no local data for @protobufjs/path@https://registry.npmjs.org/@protobufjs/path/-/path-1.1.2.tgz. Extracting by manifest.
600 silly tarball no local data for @tailwindcss/oxide@https://registry.npmjs.org/@tailwindcss/oxide/-/oxide-4.2.3.tgz. Extracting by manifest.
601 silly tarball no local data for @protobufjs/fetch@https://registry.npmjs.org/@protobufjs/fetch/-/fetch-1.1.0.tgz. Extracting by manifest.
602 silly tarball no local data for @protobufjs/base64@https://registry.npmjs.org/@protobufjs/base64/-/base64-1.1.2.tgz. Extracting by manifest.
603 silly tarball no local data for @protobufjs/float@https://registry.npmjs.org/@protobufjs/float/-/float-1.0.2.tgz. Extracting by manifest.
604 silly tarball no local data for @protobufjs/eventemitter@https://registry.npmjs.org/@protobufjs/eventemitter/-/eventemitter-1.1.0.tgz. Extracting by manifest.
605 silly tarball no local data for @protobufjs/codegen@https://registry.npmjs.org/@protobufjs/codegen/-/codegen-2.0.4.tgz. Extracting by manifest.
606 silly tarball no local data for @jridgewell/sourcemap-codec@https://registry.npmjs.org/@jridgewell/sourcemap-codec/-/sourcemap-codec-1.5.5.tgz. Extracting by manifest.
607 silly tarball no local data for @jridgewell/trace-mapping@https://registry.npmjs.org/@jridgewell/trace-mapping/-/trace-mapping-0.3.31.tgz. Extracting by manifest.
608 silly tarball no local data for @protobufjs/aspromise@https://registry.npmjs.org/@protobufjs/aspromise/-/aspromise-1.1.2.tgz. Extracting by manifest.
609 silly tarball no local data for @jridgewell/resolve-uri@https://registry.npmjs.org/@jridgewell/resolve-uri/-/resolve-uri-3.1.2.tgz. Extracting by manifest.
610 silly tarball no local data for @jridgewell/remapping@https://registry.npmjs.org/@jridgewell/remapping/-/remapping-2.3.5.tgz. Extracting by manifest.
611 silly tarball no local data for @google/genai@https://registry.npmjs.org/@google/genai/-/genai-1.50.1.tgz. Extracting by manifest.
612 silly tarball no local data for @babel/traverse@https://registry.npmjs.org/@babel/traverse/-/traverse-7.29.0.tgz. Extracting by manifest.
613 silly tarball no local data for @babel/template@https://registry.npmjs.org/@babel/template/-/template-7.28.6.tgz. Extracting by manifest.
614 silly tarball no local data for @esbuild/darwin-arm64@https://registry.npmjs.org/@esbuild/darwin-arm64/-/darwin-arm64-0.27.7.tgz. Extracting by manifest.
615 silly tarball no local data for @jridgewell/gen-mapping@https://registry.npmjs.org/@jridgewell/gen-mapping/-/gen-mapping-0.3.13.tgz. Extracting by manifest.
616 silly tarball no local data for @babel/types@https://registry.npmjs.org/@babel/types/-/types-7.29.0.tgz. Extracting by manifest.
617 silly tarball no local data for @babel/plugin-transform-react-jsx-source@https://registry.npmjs.org/@babel/plugin-transform-react-jsx-source/-/plugin-transform-react-jsx-source-7.27.1.tgz. Extracting by manifest.
618 silly tarball no local data for @babel/helpers@https://registry.npmjs.org/@babel/helpers/-/helpers-7.29.2.tgz. Extracting by manifest.
619 silly tarball no local data for @babel/helper-validator-option@https://registry.npmjs.org/@babel/helper-validator-option/-/helper-validator-option-7.27.1.tgz. Extracting by manifest.
620 silly tarball no local data for @babel/plugin-transform-react-jsx-self@https://registry.npmjs.org/@babel/plugin-transform-react-jsx-self/-/plugin-transform-react-jsx-self-7.27.1.tgz. Extracting by manifest.
621 silly tarball no local data for @babel/parser@https://registry.npmjs.org/@babel/parser/-/parser-7.29.2.tgz. Extracting by manifest.
622 silly tarball no local data for @babel/helper-validator-identifier@https://registry.npmjs.org/@babel/helper-validator-identifier/-/helper-validator-identifier-7.28.5.tgz. Extracting by manifest.
623 silly tarball no local data for @babel/helper-module-transforms@https://registry.npmjs.org/@babel/helper-module-transforms/-/helper-module-transforms-7.28.6.tgz. Extracting by manifest.
624 silly tarball no local data for @babel/helper-string-parser@https://registry.npmjs.org/@babel/helper-string-parser/-/helper-string-parser-7.27.1.tgz. Extracting by manifest.
625 silly tarball no local data for @babel/helper-plugin-utils@https://registry.npmjs.org/@babel/helper-plugin-utils/-/helper-plugin-utils-7.28.6.tgz. Extracting by manifest.
626 silly tarball no local data for @babel/helper-globals@https://registry.npmjs.org/@babel/helper-globals/-/helper-globals-7.28.0.tgz. Extracting by manifest.
627 silly tarball no local data for @babel/helper-compilation-targets@https://registry.npmjs.org/@babel/helper-compilation-targets/-/helper-compilation-targets-7.28.6.tgz. Extracting by manifest.
628 silly tarball no local data for @babel/helper-module-imports@https://registry.npmjs.org/@babel/helper-module-imports/-/helper-module-imports-7.28.6.tgz. Extracting by manifest.
629 silly tarball no local data for @babel/core@https://registry.npmjs.org/@babel/core/-/core-7.29.0.tgz. Extracting by manifest.
630 silly tarball no local data for @babel/code-frame@https://registry.npmjs.org/@babel/code-frame/-/code-frame-7.29.0.tgz. Extracting by manifest.
631 silly tarball no local data for @babel/generator@https://registry.npmjs.org/@babel/generator/-/generator-7.29.1.tgz. Extracting by manifest.
632 silly tarball no local data for esbuild@https://registry.npmjs.org/esbuild/-/esbuild-0.25.12.tgz. Extracting by manifest.
633 silly tarball no local data for @esbuild/darwin-arm64@https://registry.npmjs.org/@esbuild/darwin-arm64/-/darwin-arm64-0.25.12.tgz. Extracting by manifest.
634 silly tarball no local data for @babel/compat-data@https://registry.npmjs.org/@babel/compat-data/-/compat-data-7.29.0.tgz. Extracting by manifest.
635 silly tarball no local data for debug@https://registry.npmjs.org/debug/-/debug-2.6.9.tgz. Extracting by manifest.
636 silly tarball no local data for ms@https://registry.npmjs.org/ms/-/ms-2.0.0.tgz. Extracting by manifest.
637 silly tarball no local data for debug@https://registry.npmjs.org/debug/-/debug-2.6.9.tgz. Extracting by manifest.
638 silly tarball no local data for ms@https://registry.npmjs.org/ms/-/ms-2.0.0.tgz. Extracting by manifest.
639 silly tarball no local data for debug@https://registry.npmjs.org/debug/-/debug-2.6.9.tgz. Extracting by manifest.
640 silly tarball no local data for ms@https://registry.npmjs.org/ms/-/ms-2.0.0.tgz. Extracting by manifest.
641 silly tarball no local data for debug@https://registry.npmjs.org/debug/-/debug-2.6.9.tgz. Extracting by manifest.
642 silly tarball no local data for @types/send@https://registry.npmjs.org/@types/send/-/send-0.17.6.tgz. Extracting by manifest.
643 silly tarball no local data for ms@https://registry.npmjs.org/ms/-/ms-2.0.0.tgz. Extracting by manifest.
644 http fetch GET https://registry.npmjs.org/ws/-/ws-8.20.0.tgz attempt 1 failed with ENOTFOUND
645 http fetch GET https://registry.npmjs.org/web-streams-polyfill/-/web-streams-polyfill-3.3.3.tgz attempt 1 failed with ENOTFOUND
646 http fetch GET https://registry.npmjs.org/yallist/-/yallist-3.1.1.tgz attempt 1 failed with ENOTFOUND
647 http fetch GET https://registry.npmjs.org/vite/-/vite-6.4.2.tgz attempt 1 failed with ENOTFOUND
648 http fetch GET https://registry.npmjs.org/utils-merge/-/utils-merge-1.0.1.tgz attempt 1 failed with ENOTFOUND
649 http fetch GET https://registry.npmjs.org/vary/-/vary-1.1.2.tgz attempt 1 failed with ENOTFOUND
650 http fetch GET https://registry.npmjs.org/update-browserslist-db/-/update-browserslist-db-1.2.3.tgz attempt 1 failed with ENOTFOUND
651 http fetch GET https://registry.npmjs.org/unpipe/-/unpipe-1.0.0.tgz attempt 1 failed with ENOTFOUND
652 http fetch GET https://registry.npmjs.org/type-is/-/type-is-1.6.18.tgz attempt 1 failed with ENOTFOUND
653 http fetch GET https://registry.npmjs.org/undici-types/-/undici-types-6.21.0.tgz attempt 1 failed with ENOTFOUND
654 http fetch GET https://registry.npmjs.org/typescript/-/typescript-5.8.3.tgz attempt 1 failed with ENOTFOUND
655 http fetch GET https://registry.npmjs.org/tslib/-/tslib-2.8.1.tgz attempt 1 failed with ENOTFOUND
656 http fetch GET https://registry.npmjs.org/tsx/-/tsx-4.21.0.tgz attempt 1 failed with ENOTFOUND
657 http fetch GET https://registry.npmjs.org/toidentifier/-/toidentifier-1.0.1.tgz attempt 1 failed with ENOTFOUND
658 http fetch GET https://registry.npmjs.org/tinyglobby/-/tinyglobby-0.2.16.tgz attempt 1 failed with ENOTFOUND
659 http fetch GET https://registry.npmjs.org/npm attempt 2 failed with ENOTFOUND
660 http fetch GET https://registry.npmjs.org/ws/-/ws-8.20.0.tgz attempt 2 failed with ENOTFOUND
661 http fetch GET https://registry.npmjs.org/web-streams-polyfill/-/web-streams-polyfill-3.3.3.tgz attempt 2 failed with ENOTFOUND
662 http fetch GET https://registry.npmjs.org/yallist/-/yallist-3.1.1.tgz attempt 2 failed with ENOTFOUND
663 http fetch GET https://registry.npmjs.org/vite/-/vite-6.4.2.tgz attempt 2 failed with ENOTFOUND
664 http fetch GET https://registry.npmjs.org/utils-merge/-/utils-merge-1.0.1.tgz attempt 2 failed with ENOTFOUND
665 http fetch GET https://registry.npmjs.org/vary/-/vary-1.1.2.tgz attempt 2 failed with ENOTFOUND
666 http fetch GET https://registry.npmjs.org/update-browserslist-db/-/update-browserslist-db-1.2.3.tgz attempt 2 failed with ENOTFOUND
667 http fetch GET https://registry.npmjs.org/unpipe/-/unpipe-1.0.0.tgz attempt 2 failed with ENOTFOUND
668 http fetch GET https://registry.npmjs.org/type-is/-/type-is-1.6.18.tgz attempt 2 failed with ENOTFOUND
669 http fetch GET https://registry.npmjs.org/undici-types/-/undici-types-6.21.0.tgz attempt 2 failed with ENOTFOUND
670 http fetch GET https://registry.npmjs.org/typescript/-/typescript-5.8.3.tgz attempt 2 failed with ENOTFOUND
671 http fetch GET https://registry.npmjs.org/tslib/-/tslib-2.8.1.tgz attempt 2 failed with ENOTFOUND
672 http fetch GET https://registry.npmjs.org/tsx/-/tsx-4.21.0.tgz attempt 2 failed with ENOTFOUND
673 http fetch GET https://registry.npmjs.org/toidentifier/-/toidentifier-1.0.1.tgz attempt 2 failed with ENOTFOUND
674 http fetch GET https://registry.npmjs.org/tinyglobby/-/tinyglobby-0.2.16.tgz attempt 2 failed with ENOTFOUND
675 http fetch GET https://registry.npmjs.org/npm attempt 3 failed with ENOTFOUND
676 http fetch GET https://registry.npmjs.org/ws/-/ws-8.20.0.tgz attempt 3 failed with ENOTFOUND
677 http fetch GET https://registry.npmjs.org/web-streams-polyfill/-/web-streams-polyfill-3.3.3.tgz attempt 3 failed with ENOTFOUND
678 http fetch GET https://registry.npmjs.org/yallist/-/yallist-3.1.1.tgz attempt 3 failed with ENOTFOUND
679 http fetch GET https://registry.npmjs.org/vite/-/vite-6.4.2.tgz attempt 3 failed with ENOTFOUND
680 http fetch GET https://registry.npmjs.org/utils-merge/-/utils-merge-1.0.1.tgz attempt 3 failed with ENOTFOUND
681 http fetch GET https://registry.npmjs.org/vary/-/vary-1.1.2.tgz attempt 3 failed with ENOTFOUND
682 http fetch GET https://registry.npmjs.org/update-browserslist-db/-/update-browserslist-db-1.2.3.tgz attempt 3 failed with ENOTFOUND
683 http fetch GET https://registry.npmjs.org/unpipe/-/unpipe-1.0.0.tgz attempt 3 failed with ENOTFOUND
684 http fetch GET https://registry.npmjs.org/type-is/-/type-is-1.6.18.tgz attempt 3 failed with ENOTFOUND
685 http fetch GET https://registry.npmjs.org/undici-types/-/undici-types-6.21.0.tgz attempt 3 failed with ENOTFOUND
686 http fetch GET https://registry.npmjs.org/typescript/-/typescript-5.8.3.tgz attempt 3 failed with ENOTFOUND
687 http fetch GET https://registry.npmjs.org/tslib/-/tslib-2.8.1.tgz attempt 3 failed with ENOTFOUND
688 http fetch GET https://registry.npmjs.org/tsx/-/tsx-4.21.0.tgz attempt 3 failed with ENOTFOUND
689 http fetch GET https://registry.npmjs.org/toidentifier/-/toidentifier-1.0.1.tgz attempt 3 failed with ENOTFOUND
690 http fetch GET https://registry.npmjs.org/tinyglobby/-/tinyglobby-0.2.16.tgz attempt 3 failed with ENOTFOUND
691 verbose cwd /Users/minhmarcom/Downloads/natusclean-main
692 verbose os Darwin 25.4.0
693 verbose node v24.6.0
694 verbose npm  v11.5.1
695 error Exit handler never called!
696 error This is an error with npm itself. Please report this error at:
697 error   <https://github.com/npm/cli/issues>
698 verbose exit 1
699 verbose code 1
700 error A complete log of this run can be found in: /Users/minhmarcom/Downloads/natusclean-main/.npm-cache/_logs/2026-05-15T01_15_43_682Z-debug-0.log
